"hfpxzc href","qBF1Pd","MW4etd","UY7F9","W4Efsd","W4Efsd 2","doJOZc","W4Efsd 3","W4Efsd 4","W4Efsd 5","W4Efsd 6","W4Efsd 7","UsdlK","Cw1rxd","R8c4Qb","Jn12ke src","ah5Ghc","lcr4fd href","Cw1rxd 2","R8c4Qb 2"
"","","","","","","","","","","","","","","","","","","",""
"","","","","","","","","","","","","","","","","","","",""
"https://www.google.com/maps/place/Kristina+Friedrich-Kehnscherper/data=!4m7!3m6!1s0x47a852611beb44ed:0xbace11d83fecaf93!8m2!3d52.5832991!4d13.4080429!16s%2Fg%2F1hm5rldcb!19sChIJ7UTrG2FSqEcRk6_sP9gRzro?authuser=0&hl=en&rclk=1","Kristina Friedrich-Kehnscherper","4.6","(608)","Veterinarian","·","","·","Buchholzer Str. 7","Open","· Closes 8 pm","·","030 4768661","","Directions","https://ssl.gstatic.com/local/servicebusiness/default_user.png","""Very professional!""","","",""
"https://www.google.com/maps/place/Medivet+Berlin-Pankow/data=!4m7!3m6!1s0x47a852869aaf3f49:0xad7dbeaab4648b23!8m2!3d52.5884304!4d13.429723!16s%2Fg%2F1vv2r8dy!19sChIJST-vmoZSqEcRI4tktKq-fa0?authuser=0&hl=en&rclk=1","Medivet Berlin-Pankow","4.4","(403)","Veterinarian","·","","·","Pasewalker Str. 25","Closed","· Opens 9 am Sat","·","030 47469232","","Website","https://ssl.gstatic.com/local/servicebusiness/default_user.png","""Super friendly, competent and solution driven.""","https://www.medivetgroup.com/de-de/tierarzt/berlin-pankow/","","Directions"
"https://www.google.com/maps/place/Tierarztpraxis+R%C3%B6diger+-+Das+Veterin%C3%A4rmedizinische+Zentrum+Berlin+-+24h+ge%C3%B6ffnet/data=!4m7!3m6!1s0x47a853ef387aaf1f:0xdb64322c775ad6a9!8m2!3d52.5643159!4d13.3262383!16s%2Fg%2F1tj56td9!19sChIJH696OO9TqEcRqdZadywyZNs?authuser=0&hl=en&rclk=1","Tierarztpraxis Rödiger - Das Veterinärmedizinische Zentrum Berlin - 24h geöffnet","4.2","(1,961)","Veterinarian","·","","·","Scharnweberstraße 136","Open 24 hours","","·","030 4127357","","Website","https://ssl.gstatic.com/local/servicebusiness/default_user.png","""They are knowledgeable and very thorough when examining my dog.""","https://www.vetzentrum-berlin.de/","","Directions"
"https://www.google.com/maps/place/Veterinary+Practice+by+the+Water+Tower/data=!4m7!3m6!1s0x47a84e03e9285567:0xb5fe0b87abb728f0!8m2!3d52.5350514!4d13.419747!16s%2Fg%2F1234r5bv1!19sChIJZ1Uo6QNOqEcR8Ci3q4cL_rU?authuser=0&hl=en&rclk=1","Veterinary Practice by the Water Tower","4.7","(285)","Veterinarian","·","","·","Rykestraße 4","Open","· Closes 6 pm","·","030 4420329","","Website","https://ssl.gstatic.com/local/servicebusiness/default_user.png","""The","http://www.tierarztpraxis-wasserturm.de/","","Directions"
"https://www.google.com/maps/place/Tierarztpraxis+am+Amalienpark,+Dr.+Meike+Eimers/data=!4m7!3m6!1s0x47a8526fad59dd3d:0x943f8033462c14a6!8m2!3d52.5721682!4d13.4136168!16s%2Fg%2F11b7rxk419!19sChIJPd1ZrW9SqEcRphQsRjOAP5Q?authuser=0&hl=en&rclk=1","Tierarztpraxis am Amalienpark, Dr. Meike Eimers","4.9","(149)","Veterinarian","·","","·","Breite Str. 2A","Open","· Closes 6 pm","·","030 4868702","","Website","https://ssl.gstatic.com/local/servicebusiness/default_user.png","""So wonderful with my cat and nonjudgmental about letting her go outside.""","http://www.tierarztpraxis-amalienpark.de/","","Directions"
"https://www.google.com/maps/place/Veterinarian+and+cattery/data=!4m7!3m6!1s0x47a84e71edabbaf1:0xcdafb946c2a44b7b!8m2!3d52.5281499!4d13.4502641!16s%2Fg%2F1tctwlbc!19sChIJ8bqr7XFOqEcRe0ukwka5r80?authuser=0&hl=en&rclk=1","Veterinarian and cattery","4.5","(240)","Veterinarian","·","","Conrad-Blenkle-Straße 4","·","Open","· Closes 5 pm","","030 42085005","","Website","https://ssl.gstatic.com/local/servicebusiness/default_user.png","""Excellent service with great care and empathy.""","http://www.tierarztpraxis-am-velodrom.de/","","Directions"
"https://www.google.com/maps/place/Tierarzt+Berlin+Prenzlauer+Berg,+Tierarztpraxis+und+Tierphysiotherapie+Uwe+Lenk/data=!4m7!3m6!1s0x47a85204e4613689:0x80002afdc49ca4a7!8m2!3d52.5501883!4d13.4083331!16s%2Fg%2F1tqpy8hf!19sChIJiTZh5ARSqEcRp6ScxP0qAIA?authuser=0&hl=en&rclk=1","Tierarzt Berlin Prenzlauer Berg, Tierarztpraxis und Tierphysiotherapie Uwe Lenk","4.7","(746)","Veterinarian","·","","·","Schönfließer Str. 1","Open","· Closes 6 pm","·","030 4469769","","Website","https://ssl.gstatic.com/local/servicebusiness/default_user.png","""Dr. Sebastian Metz saved my cats life, she got intoxicated by a plant.""","https://www.tierarztpraxis-lenk.de/","","Directions"
"https://www.google.com/maps/place/Pfotendoctor+-+dein+digitaler+Tierarzt+%28kein+Praxisstandort+vor+Ort%29/data=!4m7!3m6!1s0x47a85717ff9f0ff7:0xc0698955e9a37b14!8m2!3d52.5372757!4d13.3786958!16s%2Fg%2F11ftc7s0fj!19sChIJ9w-f_xdXqEcRFHuj6VWJacA?authuser=0&hl=en&rclk=1","Pfotendoctor - dein digitaler Tierarzt (kein Praxisstandort vor Ort)","4.7","(1,924)","Veterinarian","·","","Wöhlertstraße 12-13","·","Open 24 hours","","","0800 7777444","","Website","https://ssl.gstatic.com/local/servicebusiness/default_user.png","""We got some great advice from very friendly and competent professionals.""","https://www.pfotendoctor.de/","","Directions"
"https://www.google.com/maps/place/Kleintierspezialisten/data=!4m7!3m6!1s0x47a8546da2194129:0xabec156afe70dbc2!8m2!3d52.5804499!4d13.2947749!16s%2Fg%2F11g_c36zx!19sChIJKUEZom1UqEcRwttw_moV7Ks?authuser=0&hl=en&rclk=1","Kleintierspezialisten","4.3","(1,813)","Veterinarian","·","","·","Wittestraße 30P","Open","· Closes 8 pm","·","030 43662200","","Website","https://ssl.gstatic.com/local/servicebusiness/default_user.png","""They saved my cat’s life twice in a matter of 6 months.""","http://www.kleintierspezialisten.de/","","Directions"
"https://www.google.com/maps/place/Veterinary+practice+Markus+Hofmann/data=!4m7!3m6!1s0x47a8529a341f42df:0x27a6b498e0203220!8m2!3d52.5985375!4d13.4329689!16s%2Fg%2F1tflr0zy!19sChIJ30IfNJpSqEcRIDIg4Ji0pic?authuser=0&hl=en&rclk=1","Veterinary practice Markus Hofmann","4.9","(324)","Veterinarian","·","","·","Markus Hofmann, Berliner Str. 11","Closed","· Opens 8 am Sat","·","030 4742619","","Website","https://ssl.gstatic.com/local/servicebusiness/default_user.png","""They take their time, are thorough and overall very friendly.""","http://www.tierarzt-hofmann.de/","","Directions"
"https://www.google.com/maps/place/Dr.med.vet.+Wolfram+Haider+Tierarzt/data=!4m7!3m6!1s0x47a852906bce7dd5:0x9f9d7af8f9ce97a8!8m2!3d52.5965126!4d13.4269611!16s%2Fg%2F1tl7mrjh!19sChIJ1X3Oa5BSqEcRqJfO-fh6nZ8?authuser=0&hl=en&rclk=1","Dr.med.vet. Wolfram Haider Tierarzt","4.6","(19)","Veterinarian","·","","·","Schönhauser Str. 62","","","","030 47488780","","Website","","","https://www.tierpathologie-berlin.de/","","Directions"
"https://www.google.com/maps/place/PRAXIS+F%C3%9CR+KLEINTIERMEDIZIN+Janine+Lenk+%E2%80%A2+Berlin+Pankow/data=!4m7!3m6!1s0x47a84df61cad17c1:0x61613dc230136a41!8m2!3d52.5563683!4d13.4246996!16s%2Fg%2F11c2k9vdd3!19sChIJwRetHPZNqEcRQWoTMMI9YWE?authuser=0&hl=en&rclk=1","PRAXIS FÜR KLEINTIERMEDIZIN Janine Lenk • Berlin Pankow","4.8","(246)","Veterinarian","·","","·","Eschengraben 47","Open","· Closes 6:30 pm","·","030 91203200","","Website","https://ssl.gstatic.com/local/servicebusiness/default_user.png","""Dr. Lenk is the only l veterinarian I trust and can truly recommend!""","http://www.kleintiermedizin-lenk.de/","","Directions"
"https://www.google.com/maps/place/Tierzahnarzt+Uwe+Kubelka/data=!4m7!3m6!1s0x47a852869aaf3f5b:0x2fdd7d78f26486bd!8m2!3d52.588179!4d13.4295546!16s%2Fg%2F11c1tmb292!19sChIJWz-vmoZSqEcRvYZk8nh93S8?authuser=0&hl=en&rclk=1","Tierzahnarzt Uwe Kubelka","4.9","(221)","Veterinarian","·","","·","Pasewalker Str. 25","Closed","· Opens 9 am Mon","·","030 47497532","","Website","https://ssl.gstatic.com/local/servicebusiness/default_user.png","""Communication and transparency on the highest possible level.""","http://www.vetdent.berlin/","","Directions"
"https://www.google.com/maps/place/Tierarztpraxis+am+B%C3%BCrgerpark/data=!4m7!3m6!1s0x47a8526a0b277a85:0x270120f4bde31a8f!8m2!3d52.5694571!4d13.3998919!16s%2Fg%2F1th27f8z!19sChIJhXonC2pSqEcRjxrjvfQgASc?authuser=0&hl=en&rclk=1","Tierarztpraxis am Bürgerpark","4.8","(130)","Veterinarian","·","","·","Wilhelm-Kuhr-Straße 2","Closed","","·","030 48479400","","Website","https://ssl.gstatic.com/local/servicebusiness/default_user.png","""Such a wonderful","http://www.tierarzt-pankow.de/","","Directions"
"https://www.google.com/maps/place/Kleintierpraxis+Flidais-vet+Kreuzberg/data=!4m7!3m6!1s0x47a84e4b4fcb4dcd:0x1a48f0f57b4804b9!8m2!3d52.4969444!4d13.4325!16s%2Fg%2F11bttkq8nz!19sChIJzU3LT0tOqEcRuQRIe_XwSBo?authuser=0&hl=en&rclk=1","Kleintierpraxis Flidais-vet Kreuzberg","4.6","(355)","Veterinarian","·","","Wiener Str. 25","·","Open","· Closes 6 pm","","030 6181766","","Website","https://ssl.gstatic.com/local/servicebusiness/default_user.png","""Examined and treated my Beagle on a Sunday without an appointment!""","https://www.flidais-vet.de/","","Directions"
"https://www.google.com/maps/place/Tierarztpraxis+am+Schlosspark/data=!4m7!3m6!1s0x47a8525d6ec6514f:0x70433b0501e19906!8m2!3d52.58247!4d13.40397!16s%2Fg%2F11clvbh33v!19sChIJT1HGbl1SqEcRBpnhAQU7Q3A?authuser=0&hl=en&rclk=1","Tierarztpraxis am Schlosspark","4.9","(86)","Veterinarian","·","","·","Dietzgenstraße 28","Closed","· Opens 4 pm","·","030 47531693","","Website","https://ssl.gstatic.com/local/servicebusiness/default_user.png","""prices are fair.""","http://tierarzt-schlosspark.de/","","Directions"
"https://www.google.com/maps/place/Dr.med.vet.+Leszek+Chelminski/data=!4m7!3m6!1s0x47a853ca030273ef:0x80e330cc303b7afa!8m2!3d52.5691256!4d13.3612474!16s%2Fg%2F1wfcn5h8!19sChIJ73MCA8pTqEcR-no7MMww44A?authuser=0&hl=en&rclk=1","Dr.med.vet. Leszek Chelminski","4.8","(416)","Veterinarian","·","","·","Residenzstraße 26a","Opens soon","· 3:30 pm","·","030 4954038","","Website","https://ssl.gstatic.com/local/servicebusiness/default_user.png","""One of the few","https://vet.maps.ivof.com/dr-med-vet-leszek-chelminski/","","Directions"
"https://www.google.com/maps/place/vetevo+GmbH/data=!4m7!3m6!1s0x47a84e1d07aa4e31:0xd0c73b40e8e682b1!8m2!3d52.5430556!4d13.4140712!16s%2Fg%2F11f00nrkbp!19sChIJMU6qBx1OqEcRsYLm6EA7x9A?authuser=0&hl=en&rclk=1","vetevo GmbH","4.8","(3,212)","Veterinarian","·","","·","Pappelallee 78/79","Open","· Closes 7 pm","·","030 54448546","","Website","https://ssl.gstatic.com/local/servicebusiness/default_user.png","""They don’t sell the medication and that makes them trustworthy to me.""","https://vetevo.de/","","Directions"
"https://www.google.com/maps/place/Veterinary+practice+in+Pankow+Rosenthal/data=!4m7!3m6!1s0x47a85303777b2a17:0xc98702e912d8cadb!8m2!3d52.5982168!4d13.37616!16s%2Fg%2F11bvt0sm00!19sChIJFyp7dwNTqEcR28rYEukCh8k?authuser=0&hl=en&rclk=1","Veterinary practice in Pankow Rosenthal","4.8","(322)","Veterinarian","·","","·","Hauptstraße 118","Closed","· Opens 9:30 am Mon","·","030 9121069","","Website","https://ssl.gstatic.com/local/servicebusiness/default_user.png","""The","http://www.tierarzt-rosenthal.de/","","Directions"
"https://www.google.com/maps/place/Kleintierpraxis+Dr.+med.+vet.+Tim+Kr%C3%A4mer/data=!4m7!3m6!1s0x47a84d8aac464835:0xbd42a1196cdcd086!8m2!3d52.5625608!4d13.42793!16s%2Fg%2F1td_9q8f!19sChIJNUhGrIpNqEcRhtDcbBmhQr0?authuser=0&hl=en&rclk=1","Kleintierpraxis Dr. med. vet. Tim Krämer","4.6","(158)","Veterinarian","·","","·","Prenzlauer Promenade 47B","Closed","· Opens 5 pm","·","030 47304956","","Website","https://ssl.gstatic.com/local/servicebusiness/default_user.png","""Very competent and friendly team.""","http://www.doktor-kraemer.de/","","Directions"
"https://www.google.com/maps/place/felmo+Mobiler+Tierarzt+Berlin/data=!4m7!3m6!1s0x47a851daf8337149:0x6726eb1d6104038b!8m2!3d52.524102!4d13.332714!16s%2Fg%2F11hds6bxzr!19sChIJSXEz-NpRqEcRiwMEYR3rJmc?authuser=0&hl=en&rclk=1","felmo Mobiler Tierarzt Berlin","4.8","(7,724)","Veterinarian","·","","73 Alt-Moabit","Open","· Closes 6 pm","·","","0800 0010347","","Website","","","https://www.google.com/aclk?sa=L&ai=DChsSEwj52oXC99iRAxV9rYMHHX4fE_0YACICCAEQAxoCZWY&co=1&ase=2&gclid=CjwKCAiA3rPKBhBZEiwAhPNFQKQUH4QuzvppXWrl-QxFFSFR3mQYIzFMtZkZS0HSruPJtUPjY3tVUhoCj5MQAvD_BwE&cce=2&category=acrcp_v1_32&sig=AOD64_1-t7BCaPHBnsM7dt-NxdcVA4CsJA&adurl&q&ctype=99&nis=6","","Directions"
"https://www.google.com/maps/place/Tierarztpraxis+R%C3%B6diger+-+Das+Veterin%C3%A4rmedizinische+Zentrum+Berlin+-+24h+ge%C3%B6ffnet/data=!4m7!3m6!1s0x47a853ef387aaf1f:0xdb64322c775ad6a9!8m2!3d52.564316!4d13.326238!16s%2Fg%2F1tj56td9!19sChIJH696OO9TqEcRqdZadywyZNs?authuser=0&hl=en&rclk=1","Tierarztpraxis Rödiger - Das Veterinärmedizinische Zentrum Berlin - 24h geöffnet","4.2","(1,961)","Veterinarian","·","","136 Scharnweberstraße","Open 24 hours","","·","","030 4127357","","Website","","","https://www.google.com/aclk?sa=L&ai=DChsSEwj52oXC99iRAxV9rYMHHX4fE_0YACICCAEQABoCZWY&co=1&ase=2&gclid=CjwKCAiA3rPKBhBZEiwAhPNFQInB_2ezGrpz65qAu8O0eYs4V_1DaBfwh361yW38x43bD9Bbpw5jrhoCwMMQAvD_BwE&cce=2&category=acrcp_v1_32&sig=AOD64_3F42WDt0-ZhK2z5wz80yqgQSQnHw&adurl&q&ctype=99&nis=6","","Directions"
"https://www.google.com/maps/place/Dr.+med.+vet.+Silke+Dietze+-+Verhaltenstherapie+und+Beratung/data=!4m7!3m6!1s0x47a853166ce6d61d:0x14a88000f0004b68!8m2!3d52.5842045!4d13.3975696!16s%2Fg%2F11ny34rvlj!19sChIJHdbmbBZTqEcRaEsA8ACAqBQ?authuser=0&hl=en&rclk=1","Dr. med. vet. Silke Dietze - Verhaltenstherapie und Beratung","","","Veterinarian","·","","Fritz-Erpenbeck-Ring","","","","","0179 5148827","","Website","","","https://www.praxis-tierverhalten-berlin.de/","","Directions"
"https://www.google.com/maps/place/Tierarztpraxis+Dr.+Anne+Quade/data=!4m7!3m6!1s0x47a8525a186bf317:0x6565a3e51a2611c7!8m2!3d52.5819877!4d13.3922796!16s%2Fg%2F1tfbxhd8!19sChIJF_NrGFpSqEcRxxEmGuWjZWU?authuser=0&hl=en&rclk=1","Tierarztpraxis Dr. Anne Quade","4.7","(177)","Veterinarian","·","","·","Friedrich-Engels-Straße 29","Closed","· Opens 10 am Fri","·","030 4773960","","Website","https://ssl.gstatic.com/local/servicebusiness/default_user.png","""She helped us get documents to travel internationally with the dog.""","http://www.tierarzt-pankow.com/","","Directions"
"https://www.google.com/maps/place/Dr.+Ulusal+veterinarian/data=!4m7!3m6!1s0x416521a502f61045:0xf80f1d3a889bfb9e!8m2!3d52.5554661!4d13.3836295!16s%2Fg%2F12lvkr1tc!19sChIJRRD2AqUhZUERnvubiDodD_g?authuser=0&hl=en&rclk=1","Dr. Ulusal veterinarian","4.8","(484)","Veterinarian","·","","·","Prinzenallee 72-73","Closed","· Opens 4 pm","·","030 4936060","","Website","https://ssl.gstatic.com/local/servicebusiness/default_user.png","""Veterinarian was so helpful and supportive,  replied all my questions.""","http://www.tierarzt-in-wedding.de/","","Directions"
"https://www.google.com/maps/place/Tierarztpraxis+Dr.+Anita+Gr%C3%A4fe/data=!4m7!3m6!1s0x47a84e0faed85f05:0xcb05ca89d65cbac6!8m2!3d52.5315618!4d13.4306233!16s%2Fg%2F1tkbx7ss!19sChIJBV_Yrg9OqEcRxrpc1onKBcs?authuser=0&hl=en&rclk=1","Tierarztpraxis Dr. Anita Gräfe","4.5","(78)","Veterinarian","·","","Esmarchstraße 26","·","Open","· Closes 6 pm","","030 4213630","","Website","https://ssl.gstatic.com/local/servicebusiness/default_user.png","""Dr. Gräfe is a very kind and empathetic","https://tierarzt-graefe.de/","","Directions"
"https://www.google.com/maps/place/Tierarztpraxis+am+Mauerpark/data=!4m7!3m6!1s0x47a852030f2840a1:0xe998cf9fcb19f10b!8m2!3d52.5471166!4d13.4082182!16s%2Fg%2F1tf9rvwn!19sChIJoUAoDwNSqEcRC_EZy5_PmOk?authuser=0&hl=en&rclk=1","Tierarztpraxis am Mauerpark","4.7","(212)","Veterinarian","·","","·","Gleimstraße 15","Closed","· Opens 9 am Mon","·","030 4407155","","Website","https://ssl.gstatic.com/local/servicebusiness/default_user.png","""This is our cats clinic, they are verygood and honest with their prices.""","http://www.tierarztpraxis-mauerpark.de/","","Directions"
"https://www.google.com/maps/place/Veterinary+clinic+for+cats+-+vets+for+cats+Berlin/data=!4m7!3m6!1s0x47a8505c14dd0365:0x6592bbfb53015b3e!8m2!3d52.4897329!4d13.3391583!16s%2Fg%2F1ptvqbly0!19sChIJZQPdFFxQqEcRPlsBU_u7kmU?authuser=0&hl=en&rclk=1","Veterinary clinic for cats - vets for cats Berlin","4.7","(287)","Veterinarian","·","","Bayerischer Pl. 2","·","Closed","· Opens 9 am Sat","","030 34398877","","Website","https://ssl.gstatic.com/local/servicebusiness/default_user.png","""They are super helpful, kind and reasonable.""","https://www.vetsforcats.de/","","Directions"
"https://www.google.com/maps/place/Tierarztpraxis+neko+Tiergesundheit/data=!4m7!3m6!1s0x47a85249c8556351:0x63d218bb1ae854aa!8m2!3d52.5688189!4d13.3794826!16s%2Fg%2F11c535h7gm!19sChIJUWNVyElSqEcRqlToGrsY0mM?authuser=0&hl=en&rclk=1","Tierarztpraxis neko Tiergesundheit","4.8","(141)","Veterinarian","·","","·","Provinzstraße 47","","","","030 54814390","","Website","https://ssl.gstatic.com/local/servicebusiness/default_user.png","""I’m so grateful i found this clinic!""","http://www.neko-tiergesundheit.de/","","Directions"
"https://www.google.com/maps/place/Tierklinik+Berlin-Marzahn+-+Notaufnahme+sowie+ambulante-+und+station%C3%A4re+Behandlung+von+Hunden,+Katzen+und+Heimtieren/data=!4m7!3m6!1s0x47a84b891c4f6dd5:0x6ef5e03f03229f16!8m2!3d52.55559!4d13.55323!16s%2Fg%2F1td_9q81!19sChIJ1W1PHIlLqEcRFp8iAz_g9W4?authuser=0&hl=en&rclk=1","Tierklinik Berlin-Marzahn - Notaufnahme sowie ambulante- und stationäre Behandlung von Hunden, Katzen und Heimtieren","3.8","(1,794)","Veterinarian","·","","·","Märkische Allee 258","Open 24 hours","","·","030 9322093","","Website","https://ssl.gstatic.com/local/servicebusiness/default_user.png","""They are always friendly, helpful and most importantly competent.""","http://www.tierklinik-in-berlin.de/","","Directions"
"https://www.google.com/maps/place/Dr.+Johanna+Pauls/data=!4m7!3m6!1s0x47a84e00de054f03:0xd88aadf11ead293d!8m2!3d52.5385307!4d13.4216955!16s%2Fg%2F11c1tlz48s!19sChIJA08F3gBOqEcRPSmtHvGtitg?authuser=0&hl=en&rclk=1","Dr. Johanna Pauls","4.9","(150)","Veterinarian","·","","·","Rykestraße 35","","","","030 23900061","","Website","https://ssl.gstatic.com/local/servicebusiness/default_user.png","""I totally recommend them :)""","http://www.kleintier-sonographie.de/?page_id=122","","Directions"
"https://www.google.com/maps/place/Veterinary+clinic+for+small+animals+and+pets/data=!4m7!3m6!1s0x47a84941fd712d3b:0x565c966c172f20cd!8m2!3d52.5087827!4d13.5557674!16s%2Fg%2F1td57n5r!19sChIJOy1x_UFJqEcRzSAvF2yWXFY?authuser=0&hl=en&rclk=1","Veterinary clinic for small animals and pets","3.9","(1,918)","Veterinarian","·","","·","Alt-Biesdorf 22","Open 24 hours","","·","030 5143760","","Website","https://ssl.gstatic.com/local/servicebusiness/default_user.png","""The","https://www.tierklinik-in-biesdorf.de/","","Directions"
"https://www.google.com/maps/place/Tierbestattungen+-+Berlin+-+Pankow+-+Prenzlauer+Promenade/data=!4m7!3m6!1s0x47a85275a1cf1095:0xc47aa0d5e927b1d1!8m2!3d52.565465!4d13.4264617!16s%2Fg%2F1ptyk0tzf!19sChIJlRDPoXVSqEcR0bEn6dWgesQ?authuser=0&hl=en&rclk=1","Tierbestattungen - Berlin - Pankow - Prenzlauer Promenade","4.0","(63)","Funeral home","·","","Reinhard Scupin, Prenzlauer Promenade 143a","·","Open","· Closes 8 pm","","030 47006835","","Website","","","http://www.berlin-tierbestattung.de/","","Directions"
"https://www.google.com/maps/place/Tierarztpraxis+Dr.+Dirk+Mauch/data=!4m7!3m6!1s0x47a8520c500b86a9:0xb47f87b743d8b356!8m2!3d52.560132!4d13.415531!16s%2Fg%2F1tdzklrb!19sChIJqYYLUAxSqEcRVrPYQ7eHf7Q?authuser=0&hl=en&rclk=1","Tierarztpraxis Dr. Dirk Mauch","4.8","(290)","Veterinarian","·","","·","Elsa-Brändström-Straße 13","Closed","","·","030 4710133","","Website","https://ssl.gstatic.com/local/servicebusiness/default_user.png","""Very caring, pets loving, detail oriented and professional.""","http://www.elsavet.de/","","Directions"
"https://www.google.com/maps/place/Dr.med.vet.+Cordula+Nitschke/data=!4m7!3m6!1s0x47a84de802259307:0x9105d386e0cd92ed!8m2!3d52.548894!4d13.4513375!16s%2Fg%2F1tdpl30_!19sChIJB5MlAuhNqEcR7ZLN4IbTBZE?authuser=0&hl=en&rclk=1","Dr.med.vet. Cordula Nitschke","4.7","(190)","Veterinarian","·","","·","Max-Steinke-Straße 2","Closed","· Opens 4 pm","·","030 9252160","","Directions","https://ssl.gstatic.com/local/servicebusiness/default_user.png","""If I had a pet, I would bring them here :)""","","",""
"https://www.google.com/maps/place/Veterinary+practice+Galina+Schirow+GmbH/data=!4m7!3m6!1s0x47a851081855956d:0x502d097849852630!8m2!3d52.5190267!4d13.3427188!16s%2Fg%2F1q4knllr2!19sChIJbZVVGAhRqEcRMCaFSXgJLVA?authuser=0&hl=en&rclk=1","Veterinary practice Galina Schirow GmbH","4.9","(735)","Veterinarian","·","","·","Bartningallee 5","Closed","· Opens 4 pm","·","030 39886966","","Website","https://ssl.gstatic.com/local/servicebusiness/default_user.png","""There are polite front desk staff and competent","http://www.vetpraxis-schirow.de/","","Directions"
"https://www.google.com/maps/place/Tierarztpraxis+B%C3%A4renwiese,+Tierarzt+Berlin-Wilmersdorf/data=!4m7!3m6!1s0x47a850f0c946619d:0x53b9600ffa29d53d!8m2!3d52.4974137!4d13.3248514!16s%2Fg%2F1tk_hr6h!19sChIJnWFGyfBQqEcRPdUp-g9guVM?authuser=0&hl=en&rclk=1","Tierarztpraxis Bärenwiese, Tierarzt Berlin-Wilmersdorf","4.5","(982)","Veterinarian","·","","·","Uhlandstraße 151","Open 24 hours","","·","030 23362627","","Website","https://ssl.gstatic.com/local/servicebusiness/default_user.png","""The","https://www.tierarzt-baerenwiese.de/","","Directions"
"https://www.google.com/maps/place/Tierarztpraxis+Jana+Rafael+DVM/data=!4m7!3m6!1s0x47a852061cadf10f:0x152476070f99acfd!8m2!3d52.5524825!4d13.4156162!16s%2Fg%2F11btms2zv_!19sChIJD_GtHAZSqEcR_ayZDwd2JBU?authuser=0&hl=en&rclk=1","Tierarztpraxis Jana Rafael DVM","4.9","(197)","Veterinarian","·","","·","Kuglerstraße 6","Closed","","·","030 4449710","","Directions","https://ssl.gstatic.com/local/servicebusiness/default_user.png","""They helped save my puppy when she was really sick.""","","",""
"https://www.google.com/maps/place/Rafael+Tierarztpraxis/data=!4m7!3m6!1s0x47a852061cadf10f:0xdd8caf11172f4858!8m2!3d52.5524825!4d13.4156162!16s%2Fg%2F11d_txzph6!19sChIJD_GtHAZSqEcRWEgvFxGvjN0?authuser=0&hl=en&rclk=1","Rafael Tierarztpraxis","5.0","(41)","Veterinarian","·","","·","Kuglerstraße 6","Open","· Closes 6 pm","·","030 4449710","","Directions","","","","",""
"https://www.google.com/maps/place/Kleintiermedizin+am+L%C3%BCtzowufer/data=!4m7!3m6!1s0x47a851ad2a53ba37:0x9b8a2da25d7c1a36!8m2!3d52.5062018!4d13.3493321!16s%2Fg%2F11fxvtrx2s!19sChIJN7pTKq1RqEcRNhp8XaItips?authuser=0&hl=en&rclk=1","Kleintiermedizin am Lützowufer","4.8","(321)","Veterinarian","·","","·","Lützowufer 26","Open","· Closes 6 pm","·","030 26397900","","Website","https://ssl.gstatic.com/local/servicebusiness/default_user.png","""A fantastic","https://www.vet-berlin.de/","","Directions"
"https://www.google.com/maps/place/BerlinVets-+Zentrum+f%C3%BCr+Kleintiermedizin+Adam+und+Lehmann+GbR/data=!4m7!3m6!1s0x47a84f2090d3be2d:0xd6fcfbd3041d44c9!8m2!3d52.5121659!4d13.4929049!16s%2Fg%2F11m78wrwhm!19sChIJLb7TkCBPqEcRyUQdBNP7_NY?authuser=0&hl=en&rclk=1","BerlinVets- Zentrum für Kleintiermedizin Adam und Lehmann GbR","4.6","(25)","Veterinarian","·","","Frankfurter Allee 213-217","·","Closed","","","030 50178500","","Website","","","https://www.berlinvets.de/","","Directions"
"https://www.google.com/maps/place/Berliner+Tierdroschke/data=!4m7!3m6!1s0x47a853c74956c5a9:0xb7ecfeed7827e49a!8m2!3d52.5704657!4d13.3465294!16s%2Fg%2F1tfx3yjm!19sChIJqcVWScdTqEcRmuQneO3-7Lc?authuser=0&hl=en&rclk=1","Berliner Tierdroschke","4.9","(42)","Kennel","·","","Lübener Weg 5","·","Open","· Closes 7 pm","","0176 96383888","","Website","","","http://www.tierdroschke.de/","","Directions"
"https://www.google.com/maps/place/felmo+Mobiler+Tierarzt+Berlin/data=!4m7!3m6!1s0x47a851daf8337149:0x6726eb1d6104038b!8m2!3d52.524102!4d13.332714!16s%2Fg%2F11hds6bxzr!19sChIJSXEz-NpRqEcRiwMEYR3rJmc?authuser=0&hl=en&rclk=1","felmo Mobiler Tierarzt Berlin","4.8","(7,724)","Veterinarian","·","","73 Alt-Moabit","Open","· Closes 6 pm","·","","0800 0010347","","Website","","","https://www.google.com/aclk?sa=L&ai=DChsSEwi_7JbG99iRAxWxnoMHHQhTF-IYACICCAEQAxoCZWY&co=1&ase=2&gclid=CjwKCAiA3rPKBhBZEiwAhPNFQER0c6MPiWryctPRazu5Rhjtn3cciWbY18yWIFDjMzYUAiChGZIilBoCkFoQAvD_BwE&cce=2&category=acrcp_v1_32&sig=AOD64_0ZmmUVqF3Im--Ud-EG8CpRT8pm4Q&adurl&q&ctype=99&nis=6","","Directions"
"https://www.google.com/maps/place/Fressnapf+Berlin+Ostseestra%C3%9Fe/data=!4m7!3m6!1s0x47a84df09f6eda41:0xfe8b06ecf02a02d0!8m2!3d52.551181!4d13.431541!16s%2Fg%2F1tj56t89!19sChIJQdpun_BNqEcR0AIq8OwGi_4?authuser=0&hl=en&rclk=1","Fressnapf Berlin Ostseestraße","4.4","(1,056)","Pet Care Store","·","","5 Ostseestraße","Closed","· Opens 9 am Sat","·","","030 40043818","","Website","","","https://www.google.com/aclk?sa=L&ai=DChsSEwi_7JbG99iRAxWxnoMHHQhTF-IYACICCAEQABoCZWY&co=1&ase=2&gclid=CjwKCAiA3rPKBhBZEiwAhPNFQC-j7cAKtPK2lVuDD2Y7XAdZ-S6hQE6EIOwvqKvWoi4b9embW7UJehoCfn0QAvD_BwE&cce=2&category=acrcp_v1_32&sig=AOD64_35PTvurHHitIQivxl_f4C2CveI-g&adurl&q&ctype=99&nis=6","","Directions"
"https://www.google.com/maps/place/Miss+Dr.+Michaela+Boxhammer/data=!4m7!3m6!1s0x47a84d8f709f543b:0xee04cf112d576708!8m2!3d52.570496!4d13.442241!16s%2Fg%2F1tx4ncw3!19sChIJO1SfcI9NqEcRCGdXLRHPBO4?authuser=0&hl=en&rclk=1","Miss Dr. Michaela Boxhammer","4.8","(134)","Veterinarian","·","","·","Blankenburger Str. 102A","Closed","· Opens 10 am Fri","·","030 47005550","","Directions","","","","",""
"https://www.google.com/maps/place/Dr.med.vet+Henrike+Heinemann+-+Chiropraktik+f%C3%BCr+Tiere/data=!4m7!3m6!1s0x47a85146ff3d769b:0x94b9b3f8b870edd4!8m2!3d52.5593839!4d13.4429685!16s%2Fg%2F11fm_2mbnr!19sChIJm3Y9_0ZRqEcR1O1wuPizuZQ?authuser=0&hl=en&rclk=1","Dr.med.vet Henrike Heinemann - Chiropraktik für Tiere","5.0","(7)","Veterinarian","·","","Wigandstaler Str. 28","·","Open","· Closes 6 pm","","0176 83284519","","Website","","","https://heinemann-chiropraktik.vet/berlin/","","Directions"
"https://www.google.com/maps/place/Rex+Tierarztpraxis+Berlin-Prenzlauer+Berg/data=!4m7!3m6!1s0x47a84fddfeb06ccf:0xfce256665a5b5802!8m2!3d52.5334687!4d13.4293548!16s%2Fg%2F11vyxr1h3w!19sChIJz2yw_t1PqEcRAlhbWmZW4vw?authuser=0&hl=en&rclk=1","Rex Tierarztpraxis Berlin-Prenzlauer Berg","4.7","(286)","Veterinarian","·","","Greifswalder Str. 204","·","Closed","· Opens 9 am Sat","","030 91733620","","Website","https://ssl.gstatic.com/local/servicebusiness/default_user.png","""Fantastic","https://www.rex.app/praxen/berlin-prenzlauer-berg","","Directions"
"https://www.google.com/maps/place/Swetlana+Hempel/data=!4m7!3m6!1s0x47a851f0e234d309:0xfa95cf8faf36293f!8m2!3d52.5369406!4d13.3955607!16s%2Fg%2F11hlyn9qr5!19sChIJCdM04vBRqEcRPyk2r4_Plfo?authuser=0&hl=en&rclk=1","Swetlana Hempel","4.9","(62)","Veterinarian","·","","Rheinsberger Str. 74","·","Open","· Closes 6 pm","","030 4493433","","Website","https://ssl.gstatic.com/local/servicebusiness/default_user.png","""Swetlana here helped me in the kindest and most compassionate way.""","https://www.tierarztpraxis-hempel.de/","","Directions"
"https://www.google.com/maps/place/Sybille+Schickert+vet/data=!4m7!3m6!1s0x47a853781f714841:0x56f9f263de2ced21!8m2!3d52.5937219!4d13.3283164!16s%2Fg%2F12lrlxxch!19sChIJQUhxH3hTqEcRIe0s3mPy-VY?authuser=0&hl=en&rclk=1","Sybille Schickert vet","4.7","(281)","Veterinarian","·","","·","Eichborndamm 267A","Open","· Closes 6 pm","·","030 41191600","","Website","https://ssl.gstatic.com/local/servicebusiness/default_user.png","""In case of emergency they always proposed a visit on the same day.""","http://sybille-schickert-vet.9gg.de/","","Directions"
"https://www.google.com/maps/place/Dipl.Med.Vet.+J%C3%B6rg+Porada/data=!4m7!3m6!1s0x416523c75ea54025:0xb6778bc277d3c95d!8m2!3d52.5121682!4d13.419935!16s%2Fg%2F1vc6cd_d!19sChIJJUClXscjZUERXcnTd8KLd7Y?authuser=0&hl=en&rclk=1","Dipl.Med.Vet. Jörg Porada","4.9","(256)","Veterinarian","·","","·","Rungestraße 18","Closed","","·","030 2754906","","Website","https://ssl.gstatic.com/local/servicebusiness/default_user.png","""He’s very friendly, explains well and treats the animals well.""","https://tierarztportal.com/berlin/653-dipl-vet-med-joerg-porada","","Directions"
"https://www.google.com/maps/place/Animal+Docs/data=!4m7!3m6!1s0x47a853f45f67d8e7:0x50452585c39732b1!8m2!3d52.5756325!4d13.3318358!16s%2Fg%2F1tdxv13m!19sChIJ59hnX_RTqEcRsTKXw4UlRVA?authuser=0&hl=en&rclk=1","Animal Docs","4.5","(134)","Veterinary care","·","","·","Waldstraße 1","Closed","· Opens 10 am Fri","·","030 92213380","","Website","","","http://animal-docs.de/","","Directions"
"https://www.google.com/maps/place/Vet-Doktor/data=!4m7!3m6!1s0x47a851e69eb2c2e9:0x92865c0718ed0dc9!8m2!3d52.5270355!4d13.3996988!16s%2Fg%2F11dxd1y9bl!19sChIJ6cKynuZRqEcRyQ3tGAdchpI?authuser=0&hl=en&rclk=1","Vet-Doktor","1.0","(1)","Veterinary care","·","","Gipsstraße 5","","","","","0179 7570485","","Website","","","http://vet-doktor.de/","","Directions"
"https://www.google.com/maps/place/Tier%C3%A4rztliche+Gemeinschaftspraxis+Ute+Sch%C3%A4fer+%26+Anita+Kapahnke/data=!4m7!3m6!1s0x47a853a8f033f8c9:0xfe03f7e25c8b3168!8m2!3d52.5877995!4d13.3649658!16s%2Fg%2F1v6p7x0s!19sChIJyfgz8KhTqEcRaDGLXOL3A_4?authuser=0&hl=en&rclk=1","Tierärztliche Gemeinschaftspraxis Ute Schäfer & Anita Kapahnke","4.5","(143)","Veterinarian","·","","Goethestraße 17","·","Closed","· Opens 9 am Mon","","030 49856880","","Website","","","http://www.tierarztpraxis-pankow.de/","","Directions"
"https://www.google.com/maps/place/felmo+Mobiler+Tierarzt+Berlin/data=!4m7!3m6!1s0x47a851daf8337149:0x6726eb1d6104038b!8m2!3d52.5241016!4d13.3327137!16s%2Fg%2F11hds6bxzr!19sChIJSXEz-NpRqEcRiwMEYR3rJmc?authuser=0&hl=en&rclk=1","felmo Mobiler Tierarzt Berlin","4.8","(7,730)","Veterinarian","·","","·","Alt-Moabit 73/73a","Open","· Closes 6 pm","·","030 31196542","","Website","https://ssl.gstatic.com/local/servicebusiness/default_user.png","""The most competent, engaged, and professional","https://felmo.de/tierarzt/berlin/?utm_medium=referral&utm_source=google_my_business&utm_term=berlin","","Directions"
"https://www.google.com/maps/place/Tier%C3%A4rztliche+Praxis+f%C3%BCr+Augenerkrankungen+Dr.+Emmelmann+%26+Dr.+Fengler/data=!4m7!3m6!1s0x47a851e1e7c045c9:0x28f6175d96f1cd6c!8m2!3d52.5252071!4d13.4079611!16s%2Fg%2F1tf7r4v1!19sChIJyUXA5-FRqEcRbM3xll0X9ig?authuser=0&hl=en&rclk=1","Tierärztliche Praxis für Augenerkrankungen Dr. Emmelmann & Dr. Fengler","4.4","(259)","Veterinarian","·","","·","Max-Beer-Str. 7","Open","· Closes 6 pm","·","030 2426512","","Website","https://ssl.gstatic.com/local/servicebusiness/default_user.png","""","http://www.augentierarzt-berlin.de/","","Directions"
"https://www.google.com/maps/place/Dr.med.vet.+Claudia+Pastor+Tier%C3%A4rztin/data=!4m7!3m6!1s0x47a8517e21566743:0x114581b9a63794aa!8m2!3d52.54868!4d13.3531601!16s%2Fg%2F1tv235bz!19sChIJQ2dWIX5RqEcRqpQ3prmBRRE?authuser=0&hl=en&rclk=1","Dr.med.vet. Claudia Pastor Tierärztin","4.6","(407)","Veterinarian","·","","·","Brüsseler Str. 52A","Closed","· Opens 4 pm","·","030 4539080","","Website","https://ssl.gstatic.com/local/servicebusiness/default_user.png","""Dr. Dominique Peter took such good care of our very old and quite ill cat.""","http://www.tierarztpraxis-pastor.de/","","Directions"
"https://www.google.com/maps/place/Christin+Bechmann+-+Kleintierpraxis+in+der+Torstrasse/data=!4m7!3m6!1s0x47a851784aa8f885:0x6fd73a46f22c9791!8m2!3d52.5288006!4d13.4081521!16s%2Fg%2F11p56hkzj_!19sChIJhfioSnhRqEcRkZcs8kY6128?authuser=0&hl=en&rclk=1","Christin Bechmann - Kleintierpraxis in der Torstrasse","4.9","(221)","Veterinarian","·","","·","Torstraße 64","Closed","· Opens 10 am Mon","·","030 28598058","","Website","https://ssl.gstatic.com/local/servicebusiness/default_user.png","""The team is so kind, knowledgeable, and truly cares about their patients.""","http://kleintierpraxis-torstrasse.berlin/","","Directions"
"https://www.google.com/maps/place/Dr.med.vet.+Steffen+Wiesner/data=!4m7!3m6!1s0x416521a1fcfe88eb:0x23afda928ce7726b!8m2!3d52.5479832!4d13.3557796!16s%2Fg%2F1td5f49m!19sChIJ64j-_KEhZUERa3LnjJLaryM?authuser=0&hl=en&rclk=1","Dr.med.vet. Steffen Wiesner","4.9","(352)","Veterinarian","·","","·","Müllerstraße 145","Closed","","·","030 4556020","","Website","https://ssl.gstatic.com/local/servicebusiness/default_user.png","""Super caring, professional, and always go the extra mile.""","https://tierarztindeutschland.de/berlin/berlin/dr-vet-steffen-wiesner-berlin/","","Directions"
"https://www.google.com/maps/place/Tierarztpraxis+am+Gesundbrunnen+-+Dr.+Till+Robl/data=!4m7!3m6!1s0x47a85223ec9fd5d5:0xe882c6a1934021bd!8m2!3d52.5520654!4d13.3848189!16s%2Fg%2F1tddwt3n!19sChIJ1dWf7CNSqEcRvSFAk6HGgug?authuser=0&hl=en&rclk=1","Tierarztpraxis am Gesundbrunnen - Dr. Till Robl","4.8","(238)","Veterinarian","·","","·","Stettiner Str. 5","Closed","· Opens 9 am Fri","·","030 49766117","","Website","https://ssl.gstatic.com/local/servicebusiness/default_user.png","""I felt very reassured and confident in the care my pet received.""","https://www.tierarztpraxis-robl.de/","","Directions"
"https://www.google.com/maps/place/Tierarztpraxis+Hempel/data=!4m7!3m6!1s0x47a8510f67d1dcd3:0x948429fd788580a8!8m2!3d52.5369406!4d13.3955607!16s%2Fg%2F11j0h41f6m!19sChIJ09zRZw9RqEcRqICFeP0phJQ?authuser=0&hl=en&rclk=1","Tierarztpraxis Hempel","4.6","(118)","Veterinarian","·","","Rheinsberger Str. 74","·","Closed","· Opens 9 am Sat","","030 4493433","","Website","https://ssl.gstatic.com/local/servicebusiness/default_user.png","""Lovely friendly","http://www.tierarztpraxis-hempel.de/","","Directions"
"https://www.google.com/maps/place/Dr.+med.+vet.+Claudia+Handke/data=!4m7!3m6!1s0x47a851ffe8bf593f:0x91d6e1cf0d7f4c94!8m2!3d52.5407316!4d13.4157091!16s%2Fg%2F1tfw21mc!19sChIJP1m_6P9RqEcRlEx_Dc_h1pE?authuser=0&hl=en&rclk=1","Dr. med. vet. Claudia Handke","4.9","(256)","Veterinarian","·","","Danziger Str. 15","·","Closed","· Opens 10 am Mon","","030 4421760","","Website","https://ssl.gstatic.com/local/servicebusiness/default_user.png","""The castration went very smoothly and our cat started playing the same day.""","http://www.tierarztpraxis-prenzlauerberg.de/","","Directions"
"https://www.google.com/maps/place/Dr.+Ralf+Neuer+Tierarztpraxis/data=!4m7!3m6!1s0x47a851e40cb289f5:0xb73bfdfcc47d2701!8m2!3d52.513956!4d13.4087092!16s%2Fg%2F1vfn5pdt!19sChIJ9YmyDORRqEcRASd9xPz9O7c?authuser=0&hl=en&rclk=1","Dr. Ralf Neuer Tierarztpraxis","4.2","(245)","Veterinarian","·","","·","Fischerinsel 2","Open","· Closes 6 pm","·","030 2858558","","Website","https://ssl.gstatic.com/local/servicebusiness/default_user.png","""Has helped my cat recover from a kidney condition back to health""","https://tierarztportal.com/berlin/650-dr-ralf-neuer-tierarztpraxis","","Directions"
"https://www.google.com/maps/place/ANIMAL+MRI+%2F+BERLIN-CT+CENTER/data=!4m7!3m6!1s0x47a851c1ef1d6d97:0x30b6973757934b31!8m2!3d52.522981!4d13.383286!16s%2Fg%2F11bw3_y33j!19sChIJl20d78FRqEcRMUuTVzeXtjA?authuser=0&hl=en&rclk=1","ANIMAL MRI / BERLIN-CT CENTER","5.0","(9)","Veterinarian","·","","·","Reinhardtstraße 25","Open","· Closes 9 pm","·","0170 9500270","","Website","","","https://www.vet-tomopet.de/","","Directions"
"https://www.google.com/maps/place/Dr.+med.+vet.+Stephanie+Adams+-+Tierverhaltenstherapie/data=!4m7!3m6!1s0x47a85208c7669f69:0x6330b2f960ed302c!8m2!3d52.5538857!4d13.4168392!16s%2Fg%2F11bv1bspx7!19sChIJaZ9mxwhSqEcRLDDtYPmyMGM?authuser=0&hl=en&rclk=1","Dr. med. vet. Stephanie Adams - Tierverhaltenstherapie","4.9","(42)","Dog trainer","·","","Wisbyer Str. 70","·","Closed","· Opens 10 am Sat","","0171 6765670","","Website","","On-site services","http://www.tierverhaltenstherapie-berlin.de/","","Directions"