"hfpxzc href","qBF1Pd","MW4etd","UY7F9","W4Efsd","W4Efsd 2","doJOZc","W4Efsd 3","W4Efsd 4","W4Efsd 5","W4Efsd 6","W4Efsd 7","UsdlK","lcr4fd href","Cw1rxd","R8c4Qb","Cw1rxd 2","R8c4Qb 2","Jn12ke src","ah5Ghc","ah5Ghc 2","ah5Ghc 3"
"https://www.google.com/maps/place/Vetzentrum+Hafencity,+Tierarzt+Hamburg+Innenstadt/data=!4m7!3m6!1s0x47b18ff088c9cc01:0x133671a145d4d220!8m2!3d53.5365016!4d10.0168679!16s%2Fg%2F11h_bvgk5s!19sChIJAczJiPCPsUcRINLURaFxNhM?authuser=0&hl=en&rclk=1","Vetzentrum Hafencity, Tierarzt Hamburg Innenstadt","3.9","(115)","Veterinarian","·","","·","Baakenallee 90","Open","· Closes 10 pm","·","0171 9984976","http://www.vetzentrum-hafencity.de/","","Website","","Directions","https://ssl.gstatic.com/local/servicebusiness/default_user.png","""I called here and got an appointment on the same day.""","",""
"https://www.google.com/maps/place/felmo+Mobiler+Tierarzt+Hamburg/data=!4m7!3m6!1s0x47b189458b2e857f:0x29e930c39b522a8e!8m2!3d53.6050408!4d9.9792362!16s%2Fg%2F11ny2glch0!19sChIJf4Uui0WJsUcRjipSm8Mw6Sk?authuser=0&hl=en&rclk=1","felmo Mobiler Tierarzt Hamburg","4.8","(4,199)","Veterinarian","·","","Borsteler Chaussee 85-99","","Closes soon","· 6 pm · Opens 8 am Fri","·","040 306988508","https://felmo.de/tierarzt/hamburg?utm_medium=referral&utm_source=google_my_business&utm_term=hamburg","","Website","","Directions","https://ssl.gstatic.com/local/servicebusiness/default_user.png","""She spoke very very good","English","and she was kind patient!"""
"https://www.google.com/maps/place/Kleintierpraxis+Drs.+Reichel-Saar,+Schmidt/data=!4m7!3m6!1s0x47b18954b3bc4a8d:0xd18778cd55aab9c1!8m2!3d53.5747393!4d10.0628668!16s%2Fg%2F1tjhwqm3!19sChIJjUq8s1SJsUcRwbmqVc14h9E?authuser=0&hl=en&rclk=1","Kleintierpraxis Drs. Reichel-Saar, Schmidt","4.6","(610)","Veterinarian","·","","Wandsbeker Königstraße 50","","Closes soon","· 6 pm · Opens 8 am Fri","·","040 27148280","https://tgz-hh.vet/","","Website","","Directions","https://ssl.gstatic.com/local/servicebusiness/default_user.png","""Competent staff, very reliable appointments, well equipped.""","",""
"https://www.google.com/maps/place/The+vets+at+Grandweg+68+GmbH/data=!4m7!3m6!1s0x47b188a895712ecf:0x38b1b3e55937e06d!8m2!3d53.5925327!4d9.9605683!16s%2Fg%2F1tt1rrkd!19sChIJzy5xlaiIsUcRbeA3WeWzsTg?authuser=0&hl=en&rclk=1","The vets at Grandweg 68 GmbH","4.5","(322)","Veterinarian","·","","Grandweg 68","","Open","· Closes 7 pm","·","040 56008886","http://www.tieraerztegmbh-hamburg.de/","","Website","","Directions","https://ssl.gstatic.com/local/servicebusiness/default_user.png","""Doctors are incredible professionals.""","",""
"https://www.google.com/maps/place/Die+Hamburger+Tier%C3%A4rzte+-+Dr.+med.+vet.+Ulf+Krohn+und+Florian+Grosser+-+Praxis+f%C3%BCr+kleine+Haustiere/data=!4m7!3m6!1s0x47b18ec55536f43b:0x1a18fb8effcafde3!8m2!3d53.5635992!4d10.0345325!16s%2Fg%2F1th0lz0k!19sChIJO_Q2VcWOsUcR4_3K_477GBo?authuser=0&hl=en&rclk=1","Die Hamburger Tierärzte - Dr. med. vet. Ulf Krohn und Florian Grosser - Praxis für kleine Haustiere","4.8","(679)","Veterinarian","·","","·","Lübecker Str. 128 U-Bahn Wartenau U 1","Closed","· Opens 9 am Sat","·","040 2202331","http://www.dht.hamburg/","","Website","","Directions","https://ssl.gstatic.com/local/servicebusiness/default_user.png","""Efficient and they","speak English","and even Portuguese."""
"https://www.google.com/maps/place/Dr.+Klaus+Weigand+-+Pferdepraxis+Hamburg/data=!4m7!3m6!1s0x47b1825cce7891fd:0xad7fa4831610675f!8m2!3d53.5830747!4d9.8405451!16s%2Fg%2F1tf2wvvx!19sChIJ_ZF4zlyCsUcRX2cQFoOkf60?authuser=0&hl=en&rclk=1","Dr. Klaus Weigand - Pferdepraxis Hamburg","4.7","(23)","Veterinarian","·","","Am Osdorfer Born 110","","Open 24 hours","","·","0160 94997011","https://www.pferdepraxis-hamburg.de/kontakt/","","Website","","Directions","","","",""
"https://www.google.com/maps/place/Tier%C3%A4rztlicher+Notfalldienst+-+in+der+HAFENCITY-+jeden+Tag+am+selben+Ort/data=!4m7!3m6!1s0x47b18f89e4c1fc05:0xa777d06c300625b1!8m2!3d53.5366587!4d10.0169295!16s%2Fg%2F11j53d341_!19sChIJBfzB5ImPsUcRsSUGMGzQd6c?authuser=0&hl=en&rclk=1","Tierärztlicher Notfalldienst - in der HAFENCITY- jeden Tag am selben Ort","4.6","(18)","Emergency veterinarian service","·","","Baakenallee 90/EG","","Open","· Closes 10 pm","·","0171 9984976","https://tierarzt-notdienst-hamburg.com/","","Website","","Directions","","","",""
"https://www.google.com/maps/place/Tierklinik+Lademannbogen+GmbH/data=!4m7!3m6!1s0x47b1883526a596df:0x681f94e0db140824!8m2!3d53.6448131!4d10.0334358!16s%2Fg%2F1tkrkvtt!19sChIJ35alJjWIsUcRJAgU2-CUH2g?authuser=0&hl=en&rclk=1","Tierklinik Lademannbogen GmbH","4.4","(266)","Animal hospital","·","","·","Wilhelm-Stein-Weg 2","Open","· Closes 7:30 pm","·","040 5209096","http://www.tierklinik-lademannbogen.de/","","Website","","Directions","https://ssl.gstatic.com/local/servicebusiness/default_user.png","""Well... Direct accounting with Agila insurance please!""","",""
"https://www.google.com/maps/place/Zentrum+f%C3%BCr+Tierzahnheilkunde+Hamburg/data=!4m7!3m6!1s0x47b18f257a8ac957:0xce095355031afe43!8m2!3d53.5366028!4d10.0169349!16s%2Fg%2F11cs3p3nj_!19sChIJV8mKeiWPsUcRQ_4aA1VTCc4?authuser=0&hl=en&rclk=1","Zentrum für Tierzahnheilkunde Hamburg","4.1","(31)","Veterinarian","·","","·","Baakenallee 90","Open","· Closes 8 pm","·","0171 9984976","http://www.tierzahnheilkunde-hamburg.de/","","Website","","Directions","","","",""
"https://www.google.com/maps/place/Tiermedizin+am+Rothenbaum+Deckena+%26+Dr.+Elsner+GmbH/data=!4m7!3m6!1s0x47b18f33709a0793:0x7b39c0ae613ecc54!8m2!3d53.5782865!4d9.9884415!16s%2Fg%2F1tdq9n0m!19sChIJkweacDOPsUcRVMw-Ya7AOXs?authuser=0&hl=en&rclk=1","Tiermedizin am Rothenbaum Deckena & Dr. Elsner GmbH","4.4","(298)","Veterinarian","·","","·","Rothenbaumchaussee 195","Closed","· Opens 9 am Mon","·","040 451772","https://www.hh-tierarzt.de/","","Website","","Directions","https://ssl.gstatic.com/local/servicebusiness/default_user.png","""They were so incredibly nice, understanding and patient with us and our cat.""","",""
"https://www.google.com/maps/place/Veterinary+clinic+in+Alstertal/data=!4m7!3m6!1s0x47b18a014fac5c75:0xd9f43ec3dc91e0c6!8m2!3d53.6536079!4d10.1052339!16s%2Fg%2F1tkf004k!19sChIJdVysTwGKsUcRxuCR3MM-9Nk?authuser=0&hl=en&rclk=1","Veterinary clinic in Alstertal","4.6","(583)","Veterinarian","·","","Stadtbahnstraße 34","","Open","· Closes 7 pm","·","040 63311311","http://www.tierklinik-im-alstertal.de/","","Website","","Directions","https://ssl.gstatic.com/local/servicebusiness/default_user.png","""Thank you Dr. Christine Müller for your help with Ines.""","",""
"https://www.google.com/maps/place/AniCura+Veterinary+specialists+Hamburg/data=!4m7!3m6!1s0x47b18c75ff597127:0x5207ce183267d1e7!8m2!3d53.5707871!4d10.1050414!16s%2Fg%2F1wk7pxwr!19sChIJJ3FZ_3WMsUcR59FnMhjOB1I?authuser=0&hl=en&rclk=1","AniCura Veterinary specialists Hamburg","4.5","(498)","Veterinarian","·","","·","Rodigallee 85","Closed","· Opens 8 am Mon","·","040 88888540","http://www.anicura.de/tierarztliche-spezialisten-hamburg/","","Website","","Directions","https://ssl.gstatic.com/local/servicebusiness/default_user.png","""The cost is high but the outcome invaluable.""","",""
"https://www.google.com/maps/place/Tierarztpraxis+Hamburg-West/data=!4m7!3m6!1s0x47b1841348378ef3:0x257cf9cea96b0bb3!8m2!3d53.5711383!4d9.8471609!16s%2Fg%2F1tftdcqb!19sChIJ8443SBOEsUcRswtrqc75fCU?authuser=0&hl=en&rclk=1","Tierarztpraxis Hamburg-West","3.9","(147)","Veterinarian","·","","·","Langelohstraße 134","Closes soon","· 6:30 pm · Opens 8:30 am Fri","·","040 87082665","https://tierarzt-hhwest-de.jimdofree.com/service/","","Website","","Directions","https://ssl.gstatic.com/local/servicebusiness/default_user.png","""very minor injuries were not detected, but checked on request.""","",""
"https://www.google.com/maps/place/Tierarztpraxis+Marc-Niklas+Klingberg/data=!4m7!3m6!1s0x47b18928e45f51fb:0xe0f6b04d07e20916!8m2!3d53.5959696!4d10.0386941!16s%2Fg%2F1tplpc7z!19sChIJ-1Ff5CiJsUcRFgniB02w9uA?authuser=0&hl=en&rclk=1","Tierarztpraxis Marc-Niklas Klingberg","4.7","(291)","Veterinarian","·","","Wasmannstraße 26","","Open","· Closes 7 pm","·","040 63940691","http://www.tierarztpraxis-klingberg.de/","","Website","","Directions","https://ssl.gstatic.com/local/servicebusiness/default_user.png","""Already recommended to others and I keep on doing it.""","",""
"https://www.google.com/maps/place/Tier%C3%A4rzte+IVC+Evidensia+GmbH+-+AHM+Kleintierzentrum+Merkurpark/data=!4m7!3m6!1s0x47b18b2629436757:0xf7d907f1fb204b40!8m2!3d53.6044377!4d10.1856666!16s%2Fg%2F1tcxhtw_!19sChIJV2dDKSaLsUcRQEsg-_EH2fc?authuser=0&hl=en&rclk=1","Tierärzte IVC Evidensia GmbH - AHM Kleintierzentrum Merkurpark","4.4","(523)","Veterinarian","·","","·","Merkurring 50","Closes soon","· 6 pm · Opens 9 am Fri","·","040 46861800","http://www.kleintierzentrum-merkurpark.de/","","Website","","Directions","","","",""
"https://www.google.com/maps/place/Veterinary+practice+Altona+-+Veterinarian+Hamburg+Altona/data=!4m7!3m6!1s0x47b185868ebb3733:0x11de9714ec5a4657!8m2!3d53.5493173!4d9.9328234!16s%2Fg%2F11bw2193jb!19sChIJMze7joaFsUcRV0Za7BSX3hE?authuser=0&hl=en&rclk=1","Veterinary practice Altona - Veterinarian Hamburg Altona","4.7","(459)","Veterinarian","·","","·","Am Felde 28","Closed","· Opens 10 am Mon","·","040 3809648","http://www.tierarzt-hh-altona.de/","","Website","","Directions","https://ssl.gstatic.com/local/servicebusiness/default_user.png","""Very professional, kind, and knowledgeable team.""","",""
"https://www.google.com/maps/place/Clinic-based+Veterinary+practice+Dr.+Gervers/data=!4m7!3m6!1s0x47b189429af1bce7:0x7091c011f7c25f3a!8m2!3d53.6011912!4d10.0413474!16s%2Fg%2F1wnbx1qh!19sChIJ57zxmkKJsUcROl_C9xHAkXA?authuser=0&hl=en&rclk=1","Clinic-based Veterinary practice Dr. Gervers","4.8","(210)","Veterinarian","·","","·","Fuhlsbüttler Str. 344","Closed","· Opens 9 am Mon","·","040 619200","https://tierarzthh.de/","","Website","","Directions","https://ssl.gstatic.com/local/servicebusiness/default_user.png","""Very knowledgeable doctor and friendly personnel""","",""
"https://www.google.com/maps/place/Dr.+Fenske+Tierarztpraxis+Hamburg+Bergedorf+f%C3%BCr+Kleintiere+und+V%C3%B6gel/data=!4m7!3m6!1s0x47b1f2879587b4a7:0x3fbd7fe2e7f21bca!8m2!3d53.510702!4d10.1841233!16s%2Fg%2F1tfbb6dk!19sChIJp7SHlYfysUcRyhvy5-J_vT8?authuser=0&hl=en&rclk=1","Dr. Fenske Tierarztpraxis Hamburg Bergedorf für Kleintiere und Vögel","4.8","(622)","Veterinarian","·","","·","Osterrade 36a","Closes soon","· 6 pm · Opens 9 am Fri","·","040 72104040","https://www.tierarztbergedorf.de/","","Website","","Directions","https://ssl.gstatic.com/local/servicebusiness/default_user.png","""Special thanks to Dr. Jana Reuter ❤️""","",""
"https://www.google.com/maps/place/Tierarzt+Hamburg-Iserbrook,+Tierarztpraxis+Iserbrook/data=!4m7!3m6!1s0x47b18450f8b40129:0x8d017a39bafb037b!8m2!3d53.576683!4d9.8199591!16s%2Fg%2F1tftk7xt!19sChIJKQG0-FCEsUcRewP7ujl6AY0?authuser=0&hl=en&rclk=1","Tierarzt Hamburg-Iserbrook, Tierarztpraxis Iserbrook","4.8","(212)","Veterinarian","·","","·","Sülldorfer Landstraße 15","Closes soon","· 6 pm · Opens 9 am Fri","·","040 823582","https://www.tierarzt-iserbrook.de/","","Website","","Directions","https://ssl.gstatic.com/local/servicebusiness/default_user.png","""I got all my questions answered in a very friendly and caring way.""","",""
"https://www.google.com/maps/place/Evidensia+Tier%C3%A4rztliche+Klinik+f%C3%BCr+Kleintiere+Norderstedt+GmbH/data=!4m7!3m6!1s0x47b227e719d2a3b1:0xe6c029f986187927!8m2!3d53.68697!4d9.99935!16s%2Fg%2F1thkwb6h!19sChIJsaPSGecnskcRJ3kYhvkpwOY?authuser=0&hl=en&rclk=1","Evidensia Tierärztliche Klinik für Kleintiere Norderstedt GmbH","4.3","(653)","Animal hospital","·","","·","Kabels Stieg 41","Open 24 hours","","·","040 5298940","http://www.tierklinik-norderstedt.de/","","Website","","Directions","https://ssl.gstatic.com/local/servicebusiness/default_user.png","""Noll for all the extra miles he went ahead to help my little friend.""","",""
"https://www.google.com/maps/place/Praxis+f%C3%BCr+KLEINTIER+-+KARDIOLOGIE+-+Dr.+Nicole+Sameluck+-+VetECHO/data=!4m7!3m6!1s0x47b187ce035f483f:0x29dbd224328612c5!8m2!3d53.6332653!4d9.9542786!16s%2Fg%2F11b5wqgxty!19sChIJP0hfA86HsUcRxRKGMiTS2yk?authuser=0&hl=en&rclk=1","Praxis für KLEINTIER - KARDIOLOGIE - Dr. Nicole Sameluck - VetECHO","4.5","(15)","Veterinarian","·","","·","Krähenweg 5","Closes soon","· 6 pm · Opens 9 am Fri","·","040 55260814","http://vetecho.de/","","Website","","Directions","","","",""
"https://www.google.com/maps/place/Medivet+Tierarztpraxis+Hamburg-Stellingen/data=!4m7!3m6!1s0x47b185faf8a8ee2d:0xecf43e4f270a4c6f!8m2!3d53.5871493!4d9.9325501!16s%2Fg%2F1tx462gw!19sChIJLe6o-PqFsUcRb0wKJ08-9Ow?authuser=0&hl=en&rclk=1","Medivet Tierarztpraxis Hamburg-Stellingen","4.6","(748)","Veterinarian","·","","·","Kieler Str. 336","Closed","· Opens 8 am Sat","·","040 82298571","https://www.medivetgroup.com/de-de/tierarzt/stellingen/","","Website","","Directions","https://ssl.gstatic.com/local/servicebusiness/default_user.png","""Really friendly staff and nice doctors who","speak English","."""
"https://www.google.com/maps/place/Kleintierzentrum+Kotzian/data=!4m7!3m6!1s0x47b188e5f500c741:0x3151dc970f32ca0!8m2!3d53.6082228!4d10.0052354!16s%2Fg%2F11g8162s7n!19sChIJQccA9eWIsUcRoCzzcMkdFQM?authuser=0&hl=en&rclk=1","Kleintierzentrum Kotzian","4.5","(799)","Veterinarian","·","","·","Alsterdorfer Str. 255A","Closes soon","· 6 pm · Opens 8:30 am Fri","·","040 5110707","http://www.tierklinik-kotzian.de/","","Website","","Directions","https://ssl.gstatic.com/local/servicebusiness/default_user.png","""Good service in","English","."""
"https://www.google.com/maps/place/Cats+Only+veterinary+practice+for+Cats/data=!4m7!3m6!1s0x47b18f5a88a725df:0x3b16dec92c1cdaa0!8m2!3d53.5715083!4d9.9588278!16s%2Fg%2F1thx7nvt!19sChIJ3yWniFqPsUcRoNocLMneFjs?authuser=0&hl=en&rclk=1","Cats Only veterinary practice for Cats","4.6","(286)","Veterinarian","·","","·","Eppendorfer Weg 50","Closed","· Opens 9 am Mon","·","040 49222468","http://www.catsonly-hamburg.de/","","Website","","Directions","https://ssl.gstatic.com/local/servicebusiness/default_user.png","""the","vet","was super kind and spoke"
"https://www.google.com/maps/place/Tierklinik+Fuhlsb%C3%BCttel/data=!4m7!3m6!1s0x47b1884e1ebf891b:0x8d23676c513fb96c!8m2!3d53.6327356!4d10.0210687!16s%2Fg%2F11fmz268z2!19sChIJG4m_Hk6IsUcRbLk_UWxnI40?authuser=0&hl=en&rclk=1","Tierklinik Fuhlsbüttel","4.6","(527)","Veterinarian","·","","·","Farnstraße 41","Closed","· Opens 10 am Fri","·","040 592859","https://www.tierarztfuhlsbuettel.de/","","Website","","Directions","https://ssl.gstatic.com/local/servicebusiness/default_user.png","""They provide all kinds of support including the forms, in","English","."""
"https://www.google.com/maps/place/Dr.+med.+vet.+Jens+Freund/data=!4m7!3m6!1s0x47b185b4b01de4d9:0x18a28c1db3d497f5!8m2!3d53.5627249!4d9.884227!16s%2Fg%2F1tj2mj23!19sChIJ2eQdsLSFsUcR9ZfUsx2Mohg?authuser=0&hl=en&rclk=1","Dr. med. vet. Jens Freund","4.8","(310)","Veterinarian","·","","·","Cranachstraße 68","Open","· Closes 7 pm","·","040 8907969","http://www.tierarzt-drfreund.de/","","Website","","Directions","https://ssl.gstatic.com/local/servicebusiness/default_user.png","""Dr. Freund and his staff are so wonderful!""","",""
"https://www.google.com/maps/place/Tier%C3%A4rztekammer+Hamburg/data=!4m7!3m6!1s0x47b18f41eaed4165:0x31639ab6aaded73e!8m2!3d53.561729!4d9.9679142!16s%2Fg%2F1trvkh94!19sChIJZUHt6kGPsUcRPtfeqraaYzE?authuser=0&hl=en&rclk=1","Tierärztekammer Hamburg","1.6","(14)","Emergency veterinarian service","·","","Sternstraße 106","","Closed","· Opens 10 am Tue","·","040 4391623","https://www.tieraerztekammer-hamburg.de/","","Website","","Directions","","","",""
"https://www.google.com/maps/place/Nottierarzt+Hamburg+Eilbek/data=!4m7!3m6!1s0x47b18fc3e61cc25f:0x53075d0d2b171d80!8m2!3d53.568978!4d10.0428636!16s%2Fg%2F11svwd65q5!19sChIJX8Ic5sOPsUcRgB0XKw1dB1M?authuser=0&hl=en&rclk=1","Nottierarzt Hamburg Eilbek","2.4","(8)","Emergency veterinarian service","·","","Wagnerstraße 107","","Closed","· Opens 4 pm Sat","·","0177 5552772","http://nottierarzt-hamburg.de/","","Website","","Directions","","","",""
"https://www.google.com/maps/place/Dr.+med.+vet.+Karen+Opelt/data=!4m7!3m6!1s0x47b189aa52307d59:0x84495987a3cc979f!8m2!3d53.623063!4d10.0312317!16s%2Fg%2F1td64cb7!19sChIJWX0wUqqJsUcRn5fMo4dZSYQ?authuser=0&hl=en&rclk=1","Dr. med. vet. Karen Opelt","4.7","(200)","Veterinarian","·","","·","Im Grünen Grunde 6","Closes soon","· 6:30 pm · Opens 10 am Fri","·","040 5001020","http://www.dr-opelt.de/","","Website","","Directions","https://ssl.gstatic.com/local/servicebusiness/default_user.png","""The doctor treated my cat twice and in both time did a great job.""","",""
"https://www.google.com/maps/place/Tierarztpraxis+ElbVet+Hamburg/data=!4m7!3m6!1s0x47b1856fe7d43e95:0x6934c6336fc69d77!8m2!3d53.56439!4d9.91812!16s%2Fg%2F11h0zbm_6t!19sChIJlT7U52-FsUcRd53GbzPGNGk?authuser=0&hl=en&rclk=1","Tierarztpraxis ElbVet Hamburg","4.2","(174)","Veterinarian","·","","·","Bahrenfelder Chaussee 4","Closed","· Opens 9 am Thu","·","040 85415777","https://www.elbvet-hamburg.de/","","Website","","Directions","https://ssl.gstatic.com/local/servicebusiness/default_user.png","""The","vet","was friendly, experienced, and could communicate well in English."""
"https://www.google.com/maps/place/Tierarztpraxis+Hamburg+Horn/data=!4m7!3m6!1s0x47b18c142f38083b:0xc514bf43aa2554ca!8m2!3d53.5538621!4d10.0863753!16s%2Fg%2F11gjmsb_hh!19sChIJOwg4LxSMsUcRylQlqkO_FMU?authuser=0&hl=en&rclk=1","Tierarztpraxis Hamburg Horn","4.3","(15)","Veterinarian","·","","Rennbahnstraße 30c","","","","","040 6554649","https://www.tierarzt-hamburg-horn.de/kontakt.html","","Website","","Directions","","","",""
"https://www.google.com/maps/place/Rex+Tierarztpraxis+Hamburg-Ottensen/data=!4m7!3m6!1s0x47b185264a353d5f:0x127a984b818dc9d!8m2!3d53.5539784!4d9.9280383!16s%2Fg%2F11y648jhsc!19sChIJXz01SiaFsUcRndwYuISpJwE?authuser=0&hl=en&rclk=1","Rex Tierarztpraxis Hamburg-Ottensen","4.8","(209)","Veterinarian","·","","Friedensallee 1","","Closed","· Opens 9 am Sat","·","040 87405639","https://www.rex.app/praxen/hamburg-ottensen","","Website","","Directions","https://ssl.gstatic.com/local/servicebusiness/default_user.png","""Very professional and competent","vet","."""
"https://www.google.com/maps/place/Kleintierpraxis+D.+Kauffmann/data=!4m7!3m6!1s0x47b18ed5a8ce0c5d:0x652d8a7efae96944!8m2!3d53.5701755!4d10.0174267!16s%2Fg%2F1tdn_j3y!19sChIJXQzOqNWOsUcRRGnp-n6KLWU?authuser=0&hl=en&rclk=1","Kleintierpraxis D. Kauffmann","4.7","(387)","Veterinarian","·","","·","Hofweg 22","Closed","· Opens 10 am Mon","·","040 221771","http://www.tierarzt-uhlenhorst.de/","","Website","","Directions","https://ssl.gstatic.com/local/servicebusiness/default_user.png","""Both doctor and crew very kind, and willing to help.""","",""
"https://www.google.com/maps/place/Dr.+med.+vet.+Fabian+von+Manteuffel/data=!4m7!3m6!1s0x47b1895d9e0164a3:0x31017aefc542e55d!8m2!3d53.5950214!4d10.0651161!16s%2Fg%2F1v_z3d0t!19sChIJo2QBnl2JsUcRXeVCxe96ATE?authuser=0&hl=en&rclk=1","Dr. med. vet. Fabian von Manteuffel","4.7","(368)","Veterinarian","·","","·","Hülsdornweg 24","Closes soon","· 6 pm · Opens 8 am Fri","·","040 6416667","http://www.tierdoc.de/","","Website","","Directions","https://ssl.gstatic.com/local/servicebusiness/default_user.png","""Wonderful, caring,","English-speaking","doctor."""
"https://www.google.com/maps/place/Reischmann+%26+Hirschberger+Veterinarians/data=!4m7!3m6!1s0x47b2207590531b45:0x360e0f496b70c601!8m2!3d53.6522456!4d10.1836462!16s%2Fg%2F1tkf00b9!19sChIJRRtTkHUgskcRAcZwa0kPDjY?authuser=0&hl=en&rclk=1","Reischmann & Hirschberger Veterinarians","4.7","(95)","Veterinarian","·","","·","Buchenring 55","Closes soon","· 6 pm · Opens 10 am Fri","·","040 60951900","https://www.tieraerztinnen-volksdorf.de/","","Website","","Directions","","","",""
"https://www.google.com/maps/place/Rex+Tierarztpraxis+Hamburg-Winterhude/data=!4m7!3m6!1s0x47b189d8c498aaf7:0x8b96a68cc7211f7e!8m2!3d53.5942753!4d9.9987207!16s%2Fg%2F11w9bqfmb2!19sChIJ96qYxNiJsUcRfh8hx4ymlos?authuser=0&hl=en&rclk=1","Rex Tierarztpraxis Hamburg-Winterhude","4.8","(192)","Veterinarian","·","","Winterhuder Marktpl. 1","","Closed","· Opens 9 am Sat","·","040 87406883","https://www.rex.app/praxen/hamburg-winterhude","","Website","","Directions","https://ssl.gstatic.com/local/servicebusiness/default_user.png","""Highly recommend!""","",""
"https://www.google.com/maps/place/Tierarztpraxis+Dr.+von+Marnitz+GmbH,+Holsteiner+Chaussee/data=!4m7!3m6!1s0x47b18655204e5b39:0x8864116fa18a9a8b!8m2!3d53.6116731!4d9.9056929!16s%2Fg%2F11btwvjgn5!19sChIJOVtOIFWGsUcRi5qKoW8RZIg?authuser=0&hl=en&rclk=1","Tierarztpraxis Dr. von Marnitz GmbH, Holsteiner Chaussee","4.5","(256)","Veterinarian","·","","·","Holsteiner Chaussee 38","Open","· Closes 8 pm","·","040 5709005","https://www.von-marnitz.de/","","Website","","Directions","","","",""
"https://www.google.com/maps/place/Tierarztpraxis+Ottensen/data=!4m7!3m6!1s0x47b18590c5644753:0x4996be8c00a0a5c2!8m2!3d53.5554774!4d9.9209326!16s%2Fg%2F1td57p0f!19sChIJU0dkxZCFsUcRwqWgAIy-lkk?authuser=0&hl=en&rclk=1","Tierarztpraxis Ottensen","4.6","(215)","Veterinarian","·","","·","Große Brunnenstraße 139","Open","· Closes 7:30 pm","·","040 393029","http://www.tierarztpraxis-ottensen.de/","","Website","","Directions","https://ssl.gstatic.com/local/servicebusiness/default_user.png","""Super expert Doc and very kind staff.""","",""
"https://www.google.com/maps/place/Veterinary+practice+Fuhlsb%C3%BCttel+Nord/data=!4m7!3m6!1s0x47b1884c0f8f4025:0x37a447569b5df391!8m2!3d53.6404111!4d10.0189209!16s%2Fg%2F1wrtbxrc!19sChIJJUCPD0yIsUcRkfNdm1ZHpDc?authuser=0&hl=en&rclk=1","Veterinary practice Fuhlsbüttel Nord","4.7","(207)","Veterinarian","·","","·","Flughafenstr. 81","Open","· Closes 7 pm","·","040 5535702","http://www.tierarzt-langenhorn.de/","","Website","","Directions","https://ssl.gstatic.com/local/servicebusiness/default_user.png","""Very professional and helpful.""","",""
"https://www.google.com/maps/place/Tierarztpraxis+am+Millerntor+-+Karen+Voelkel/data=!4m7!3m6!1s0x47b18f6c3e7cf873:0x48cf6329c4789b55!8m2!3d53.5537665!4d9.9648394!16s%2Fg%2F1tfrftzn!19sChIJc_h8PmyPsUcRVZt4xCljz0g?authuser=0&hl=en&rclk=1","Tierarztpraxis am Millerntor - Karen Voelkel","3.8","(183)","Veterinarian","·","","·","Budapester Str. 31","Closed","· Opens 12 pm Mon","·","040 434001","http://www.tierarztpraxis-am-millerntor.de/","","Website","","Directions","https://ssl.gstatic.com/local/servicebusiness/default_user.png","""Great service""","",""
"https://www.google.com/maps/place/felmo+Mobiler+Tierarzt+Hamburg/data=!4m7!3m6!1s0x47b189458b2e857f:0x29e930c39b522a8e!8m2!3d53.605041!4d9.979236!16s%2Fg%2F11ny2glch0!19sChIJf4Uui0WJsUcRjipSm8Mw6Sk?authuser=0&hl=en&rclk=1","felmo Mobiler Tierarzt Hamburg","4.8","(4,197)","Veterinarian","·","","85-99 Borsteler Chaussee","Closes soon","· 6 pm · Opens 8 am Fri","·","","0800 0010347","https://www.google.com/aclk?sa=L&ai=DChsSEwi76J39ldmRAxWTsYMHHaD9JHMYACICCAEQABoCZWY&co=1&ase=2&gclid=CjwKCAiA3rPKBhBZEiwAhPNFQLNKMfdMAzP1r3dP1_p5Zu_pR_PuG5SYZ9xxohlL2-6yKUbXeV05YBoC664QAvD_BwE&cce=2&category=acrcp_v1_32&sig=AOD64_3EtslOp361vIxUJ8kLWlh2TmfmFg&adurl&q&ctype=99&nis=6","","Website","","Directions","","","",""
"https://www.google.com/maps/place/AniCura+Hamburg+Niendorf+GmbH/data=!4m7!3m6!1s0x47b187d708080557:0x94d116b949621e6!8m2!3d53.638701!4d9.969934!16s%2Fg%2F1tj44zdj!19sChIJVwUICNeHsUcR5iGWlGsRTQk?authuser=0&hl=en&rclk=1","AniCura Hamburg Niendorf GmbH","4.6","(509)","Veterinarian","·","","274 Garstedter Weg","Closed","· Opens 10 am Sat","·","","040 55204088","https://www.google.com/aclk?sa=L&ai=DChsSEwi76J39ldmRAxWTsYMHHaD9JHMYACICCAEQAhoCZWY&co=1&ase=2&gclid=CjwKCAiA3rPKBhBZEiwAhPNFQHggWiA8Lvg6VFBmzTozBK4jfYtQ2Rc2X7sKoWLx1hVIEd-W1FEBrxoC5CgQAvD_BwE&cce=2&category=acrcp_v1_32&sig=AOD64_0O2_DMcl1hhng0A7z8bxA_ovvx4Q&adurl&q&ctype=99&nis=6","","Website","","Directions","","","",""
"https://www.google.com/maps/place/Westphalen+St.+Dr.med.vet./data=!4m7!3m6!1s0x4163bb5acfbfebe9:0x4cae056c491f36c9!8m2!3d53.5787884!4d10.030583!16s%2Fg%2F11b6hzqsjn!19sChIJ6eu_z1q7Y0ERyTYfSWwFrkw?authuser=0&hl=en&rclk=1","Westphalen St. Dr.med.vet.","4.8","(355)","Veterinarian","·","","Beethovenstraße 62","","Closed","· Opens 8 am Fri","·","040 297122","http://www.tierarzt-beethovenstrasse.de/","","Website","","Directions","https://ssl.gstatic.com/local/servicebusiness/default_user.png","""Höffliches Personal""","",""
"https://www.google.com/maps/place/AniCura+Hamburg+Niendorf+GmbH/data=!4m7!3m6!1s0x47b187d708080557:0x94d116b949621e6!8m2!3d53.6387008!4d9.9699341!16s%2Fg%2F1tj44zdj!19sChIJVwUICNeHsUcR5iGWlGsRTQk?authuser=0&hl=en&rclk=1","AniCura Hamburg Niendorf GmbH","4.6","(509)","Veterinarian","·","","·","Garstedter Weg 274","Closed","· Opens 10 am Sat","·","040 55204088","https://www.anicura.de/standorte/hamburg-niendorf/","","Website","","Directions","https://ssl.gstatic.com/local/servicebusiness/default_user.png","""Everyone is fluent in","English","and were very helpful"""
"https://www.google.com/maps/place/Tierarztpraxis+Dr.+Imke+Tammena/data=!4m7!3m6!1s0x47b18a0993ad1951:0x1e04dcdc50b2affa!8m2!3d53.6552485!4d10.1206473!16s%2Fg%2F1td3qjyd!19sChIJURmtkwmKsUcR-q-yUNzcBB4?authuser=0&hl=en&rclk=1","Tierarztpraxis Dr. Imke Tammena","4.9","(121)","Veterinarian","·","","·","Waldweg 42","Closes soon","· 6 pm · Opens 10 am Fri","·","040 6016051","http://www.tierarztpraxis-sasel.de/","","Website","","Directions","","","",""
"https://www.google.com/maps/place/Dr.med.vet.+Bergit+Gr%C3%BCnau/data=!4m7!3m6!1s0x4163bb44032df797:0x4350be5527879692!8m2!3d53.5836!4d10.0071901!16s%2Fg%2F1tdwc_c5!19sChIJl_ctA0S7Y0ERkpaHJ1W-UEM?authuser=0&hl=en&rclk=1","Dr.med.vet. Bergit Grünau","4.9","(111)","Veterinarian","·","","·","Dorotheenstraße 63","Closes soon","· 6 pm · Opens 9 am Fri","·","040 482844","","","Directions","","","https://ssl.gstatic.com/local/servicebusiness/default_user.png","""Speaks","English","is a bonus"""
"https://www.google.com/maps/place/Tierarztpraxis+Dorothea+Vogg/data=!4m7!3m6!1s0x47b183c3bbaa7e45:0xf30af52a1b2f8c88!8m2!3d53.5834!4d9.79416!16s%2Fg%2F1tm09wbw!19sChIJRX6qu8ODsUcRiIwvGyr1CvM?authuser=0&hl=en&rclk=1","Tierarztpraxis Dorothea Vogg","4.8","(191)","Veterinarian","·","","Sülldorfer Kirchenweg 237","","Closes soon","· 6 pm · Opens 4 pm Fri","·","040 877776","http://www.tierarztpraxis-suelldorf.de/","","Website","","Directions","https://ssl.gstatic.com/local/servicebusiness/default_user.png","""Awesome service""","",""
"https://www.google.com/maps/place/Kleintierpraxis+Dr.+Ulrike+Ewe/data=!4m7!3m6!1s0x47b1f287eaa03c7b:0x3011f3f69a88c34e!8m2!3d53.4841301!4d10.2139476!16s%2Fg%2F11c54b4jb9!19sChIJezyg6ofysUcRTsOImvbzETA?authuser=0&hl=en&rclk=1","Kleintierpraxis Dr. Ulrike Ewe","4.7","(337)","Veterinarian","·","","·","WILLY ECKERMANN HAUS, Brookdeich 14","Closes soon","· 6 pm · Opens 9 am Fri","·","040 7215010","https://www.bergedorf-tierarzt.de/","","Website","","Directions","https://ssl.gstatic.com/local/servicebusiness/default_user.png","""prices looks better compare to other pet clinics around.""","",""
"https://www.google.com/maps/place/Dr.+Nicolai+Mannstaedt+veterinarian/data=!4m7!3m6!1s0x47b19ae2e052bee9:0x2a58942d3b00fae2!8m2!3d53.4731841!4d9.8545931!16s%2Fg%2F1tf7lmg9!19sChIJ6b5S4OKasUcR4voAOy2UWCo?authuser=0&hl=en&rclk=1","Dr. Nicolai Mannstaedt veterinarian","4.4","(138)","Veterinarian","·","","·","Neugrabener Bahnhofstraße 5A","Open","· Closes 7 pm","·","040 7017291","https://www.kleintierpraxis-neugraben.de/","","Website","","Directions","https://ssl.gstatic.com/local/servicebusiness/default_user.png","""","English","and German-"
"https://www.google.com/maps/place/Veterinarian+Dr.+Eva+Tutlies/data=!4m7!3m6!1s0x47b18c5cbe959d51:0xf8ccb18bf1a99393!8m2!3d53.5444343!4d10.1047443!16s%2Fg%2F1vxcvgkk!19sChIJUZ2VvlyMsUcRk5Op8YuxzPg?authuser=0&hl=en&rclk=1","Veterinarian Dr. Eva Tutlies","4.7","(738)","Veterinarian","·","","·","Schiffbeker Weg 46","Closed","· Opens 9:30 am Mon","·","040 7313231","http://www.kleintierpraxis-tutlies.de/","","Website","","Directions","https://ssl.gstatic.com/local/servicebusiness/default_user.png","""","English","was very good which I really appreciated and good value."""
"https://www.google.com/maps/place/Kleintierpraxis+Blankenese+Dr.+Daniel+B%C3%B6ttner/data=!4m7!3m6!1s0x47b183887b8f9591:0xe33a8e25b40e2167!8m2!3d53.5624087!4d9.8200505!16s%2Fg%2F1tdqysfy!19sChIJkZWPe4iDsUcRZyEOtCWOOuM?authuser=0&hl=en&rclk=1","Kleintierpraxis Blankenese Dr. Daniel Böttner","4.7","(151)","Veterinarian","·","","·","Hasenhöhe 5","Closed","· Opens 11 am Sat","·","040 86647455","http://www.kleintierpraxis-blankenese.de/","","Website","","Directions","https://ssl.gstatic.com/local/servicebusiness/default_user.png","""Highly recommended :)""","",""
"https://www.google.com/maps/place/Tierarztpraxis+am+Millerntor+Voelkel/data=!4m7!3m6!1s0x47b18f6c3e43e9eb:0x2c0757b67b64e246!8m2!3d53.5537481!4d9.96479!16s%2Fg%2F11dxbmp1v0!19sChIJ6-lDPmyPsUcRRuJke7ZXByw?authuser=0&hl=en&rclk=1","Tierarztpraxis am Millerntor Voelkel","3.0","(4)","Veterinarian","·","","Budapester Str. 31","","","","","040 434001","http://www.tierarztpraxis-am-millerntor.de/","","Website","","Directions","","","",""
"https://www.google.com/maps/place/Hamburger+Tierschutzverein+von+1841+e.+V./data=!4m7!3m6!1s0x47b18c2410d19923:0x57ff1b698ac5ed8b!8m2!3d53.5461771!4d10.066284!16s%2Fg%2F1tgc8l2q!19sChIJI5nRECSMsUcRi-3Fimkb_1c?authuser=0&hl=en&rclk=1","Hamburger Tierschutzverein von 1841 e. V.","4.0","(1,726)","Animal shelter","·","","·","Neue Süderstraße 25","Closed","· Opens 9:30 am Sun","·","040 2111060","http://www.hamburger-tierschutzverein.de/","","Website","","Directions","https://ssl.gstatic.com/local/servicebusiness/default_user.png","""Compassionate people doing great work.""","",""
"https://www.google.com/maps/place/Kleintierpraxis+Niendorf/data=!4m7!3m6!1s0x47b187ce035f483f:0x7faa0d2eadd706b!8m2!3d53.6332653!4d9.9542786!16s%2Fg%2F119txd624!19sChIJP0hfA86HsUcRa3Dd6tKg-gc?authuser=0&hl=en&rclk=1","Kleintierpraxis Niendorf","4.4","(120)","Veterinarian","·","","·","Krähenweg 5","Closes soon","· 6 pm · Opens 9 am Fri","·","040 5524510","http://www.kleintierpraxis-niendorf.de/","","Website","","Directions","","","",""
"https://www.google.com/maps/place/Tierarztpraxis+Barsb%C3%BCttel/data=!4m7!3m6!1s0x47b18b53877e0797:0x4167ccbd1a2a1b16!8m2!3d53.5694025!4d10.1838473!16s%2Fg%2F1tdl9s77!19sChIJlwd-h1OLsUcRFhsqGr3MZ0E?authuser=0&hl=en&rclk=1","Tierarztpraxis Barsbüttel","4.7","(294)","Veterinarian","·","","·","Willinghusener Landstraße 57","Closed","· Opens 10 am Sat","·","040 6704048","https://www.tierarztpraxis-barsbuettel.de/","","Website","","Directions","https://ssl.gstatic.com/local/servicebusiness/default_user.png","""They are very friendly and really treat your animals with care and love.""","",""
"https://www.google.com/maps/place/Fressnapf+Hamburg-Osdorf/data=!4m7!3m6!1s0x47b183f5a3666bed:0x1262e6eb7c050b8a!8m2!3d53.5755422!4d9.8257065!16s%2Fg%2F1vgqc40r!19sChIJ7Wtmo_WDsUcRigsFfOvmYhI?authuser=0&hl=en&rclk=1","Fressnapf Hamburg-Osdorf","4.4","(445)","Pet supply store","·","","·","Osdorfer Landstraße 393","Open","· Closes 8 pm","Pet food & accessories","040 86627654","https://www.fressnapf.de/stores/fressnapf-hamburg-osdorf/?utm_medium=referral&utm_source=extnet&utm_campaign=yext","","Website","","Directions","https://ssl.gstatic.com/local/servicebusiness/default_user.png","""Great products""","",""
"https://www.google.com/maps/place/Tierarztpraxis+Simon/data=!4m7!3m6!1s0x47b18babb133b0a9:0x8790e5e344ef6544!8m2!3d53.6115286!4d10.1537557!16s%2Fg%2F1vxcvgkb!19sChIJqbAzsauLsUcRRGXvROPlkIc?authuser=0&hl=en&rclk=1","Tierarztpraxis Simon","4.6","(194)","Veterinarian","·","","·","Bargteheider Str. 156","Closed","","·","040 64860711","https://www.simon.hamburg/","","Website","","Directions","https://ssl.gstatic.com/local/servicebusiness/default_user.png","""Good doctor.""","",""
"https://www.google.com/maps/place/Franziskus-Tierheim/data=!4m7!3m6!1s0x47b1861a972214a3:0x2aee3e58b1b567d9!8m2!3d53.5969673!4d9.9426645!16s%2Fg%2F1tf6__bb!19sChIJoxQilxqGsUcR2We1sVg-7io?authuser=0&hl=en&rclk=1","Franziskus-Tierheim","4.0","(661)","Animal shelter","·","","·","Lokstedter Grenzstraße 7","Closed","· Opens 3 pm Fri","·","040 5894615","http://www.franziskustierheim.de/","","Website","","Directions","","","",""
"https://www.google.com/maps/place/Tierklinik+L%C3%BCneburg/data=!4m7!3m6!1s0x47b1de6f67fc1581:0x89495beb01798ba5!8m2!3d53.2465365!4d10.4491745!16s%2Fg%2F1q5gjd6m9!19sChIJgRX8Z2_esUcRpYt5AetbSYk?authuser=0&hl=en&rclk=1","Tierklinik Lüneburg","4.4","(2,238)","Veterinarian","·","","·","Stadtkoppel 5c - 9","Open 24 hours","","·","04131 55125","http://www.tierklinik-lueneburg.de/","","Website","","Directions","https://ssl.gstatic.com/local/servicebusiness/default_user.png","""Very professional, very friendly staff.""","",""
"https://www.google.com/maps/place/Monika+Schnurr+vet/data=!4m7!3m6!1s0x47b229469b4df371:0x169191f8fec5e3fe!8m2!3d53.7469596!4d9.9119016!16s%2Fg%2F1vr1vq2g!19sChIJcfNNm0YpskcR_uPF_viRkRY?authuser=0&hl=en&rclk=1","Monika Schnurr vet","4.7","(159)","Veterinarian","·","","·","Ellerauer Str. 55","Closes soon","· 6 pm · Opens 9 am Fri","·","04106 4934","http://www.tierarzt-quickborn.de/","","Website","","Directions","https://ssl.gstatic.com/local/servicebusiness/default_user.png","""Efficient and professional.""","",""
"https://www.google.com/maps/place/Hund+%26+Katze/data=!4m7!3m6!1s0x47b1892ae99bbf6b:0x5a0ec98d64b26843!8m2!3d53.5873368!4d10.0047018!16s%2Fg%2F1tkqz9kn!19sChIJa7-b6SqJsUcRQ2iyZI3JDlo?authuser=0&hl=en&rclk=1","Hund & Katze","4.8","(155)","Pet supply store","·","","·","Dorotheenstraße 113","Closed","· Opens 10 am Sat","·","040 2704579","https://www.hund-katze.de/","","Website","","Directions","","In-store shopping","In-store pick-up","Delivery"
"https://www.google.com/maps/place/Tierarztpraxis+Uwe+Tiedemann/data=!4m7!3m6!1s0x47b1dc32ba4a2eab:0x19bae27c6149c97e!8m2!3d53.2379112!4d10.4085159!16s%2Fg%2F11d_tz2xt3!19sChIJqy5KujLcsUcRfslJYXziuhk?authuser=0&hl=en&rclk=1","Tierarztpraxis Uwe Tiedemann","4.8","(56)","Veterinarian","·","","·","Goethestraße 10 A","Closes soon","· 6:30 pm · Opens 10 am Fri","·","04131 47616","http://www.vetsnake.de/","","Website","","Directions","","","",""
"https://www.google.com/maps/place/Kleintierzentrum+in+Uetersen/data=!4m7!3m6!1s0x47b17e3b4268c213:0xc9e39864b483de64!8m2!3d53.68711!4d9.6750001!16s%2Fg%2F1tgnw8d1!19sChIJE8JoQjt-sUcRZN6DtGSY48k?authuser=0&hl=en&rclk=1","Kleintierzentrum in Uetersen","4.4","(725)","Veterinarian","·","","·","Kleiner Sand 99","Closed","· Opens 9 am Mon","·","04122 901403","https://www.kleintierzentrum-uetersen.de/","","Website","","Directions","","","",""
"https://www.google.com/maps/place/ProPferd+Hamburg+Pferdeosteopathie+%26+mobiler+Reitunterricht/data=!4m7!3m6!1s0x47b221d25b30a6ad:0x1a28ddd2d52cdb24!8m2!3d51.175807!4d10.4541194!16s%2Fg%2F11h4_f7hsh!19sChIJraYwW9IhskcRJNss1dLdKBo?authuser=0&hl=en&rclk=1","ProPferd Hamburg Pferdeosteopathie & mobiler Reitunterricht","5.0","(18)","Horse trainer","","","","","","","","0174 4929182","http://www.propferdhamburg.com/","","Website","","Directions","https://ssl.gstatic.com/local/servicebusiness/default_user.png","""Fantastic service and","English speaking","too."""
"","","","","","","","","","","","","","","","","","","","","",""