"ID","Practice Name","City","District","Address","Latitude","Longitude","Phone","Website","Verification Status","Last Verified","English Signals","Emergency Services"
"Hamburg-104","AniCura Hamburg Tierärztliche Klinik","Hamburg","Bahrenfeld","Stresemannstraße 62, 22769 Hamburg",53.560645,9.927233,"040 854040","https://www.anicura.de/standorte/hamburg-altona/","Verified","2025-12-26","Verified English Support","24/7"
"Hamburg-105","Tierärztliche Klinik Neustadt","Neustadt (near Hamburg)","Neustadt","Goethering 6, 23730 Neustadt in Holstein",54.103000,10.822000,"04561 610160","http://www.tierklinik-neustadt.de/","Verified","2025-12-26","Verified English Support","24/7"
"Hamburg-106","Kleintierklinik im Mühlenfeld","Hamburg","Eidelstedt","Im Mühlenfeld 23, 22523 Hamburg",53.606700,9.905600,"040 5700568","http://www.tierklinik-im-muehlenfeld.de/","Verified","2025-12-26","Verified English Support","Weekends/Holidays"
"Munich-136","AniCura Tierärztliches Zentrum München","Munich","Pasing","Planegger Str. 150, 81241 München",48.140800,11.458900,"089 88909690","https://www.anicura.de/tierarztliches-zentrum-munchen/","Verified","2025-12-26","Verified English Support","24/7"
"Frankfurt-99","Tierklinik Neu-Isenburg","Neu-Isenburg","Neu-Isenburg","Carl-Friedrich-Gauß-Straße 5, 63263 Neu-Isenburg",50.057500,8.718000,"06102 8838221","https://www.tierklinik-neu-isenburg.de/","Verified","2025-12-26","Verified English Support","24/7"
"Stuttgart-143","Tierklinik Nussdorf","Überlingen","Nussdorf","Dieselstraße 7, 88662 Überlingen",47.781800,9.198200,"07551 9494949","https://www.tierklinik-nussdorf.de/","Verified","2025-12-26","Verified English Support","24/7"
"Stuttgart-144","AniCura Tierärztliche Klinik Reutlingen","Reutlingen","Reutlingen","August-Lämmle-Straße 51, 72760 Reutlingen",48.490800,9.192500,"07121 334050","https://www.anicura.de/tierklinik-reutlingen","Verified","2025-12-26","Verified English Support","Weekends/Holidays"
