ID,Practice Name,City,District,Address,Latitude,Longitude,Phone,Website,Verification Status,Last Verified,English Signals
Berlin-1,Berlin English Vet (Tierarztpraxis an den Allee-Arcaden),Berlin,Prenzlauer Berg,"Greifenhagener Str. 45, 10437 Berlin",52.5390605,13.438648,,https://berlin-english-vets.de,Verified,2025-12-26,Verified English Support
Berlin-2,The Berlin Veterinary Center (Zentrum für Tiermedizin / Dr. Rödiger),Berlin,Reinickendorf,"Scharnweberstraße 136, 13405 Berlin (Reinickendorf)",52.5638367,13.3258987,,https://www.vetzentrum-berlin.de/en/,Verified,2025-12-24,Verified by Community
Berlin-3,Rex Tierarztpraxis (Multiple Locations),Berlin,Friedrichshain / Others,"Friedenstraße 94, 10249 Berlin",52.5222543,13.4352901,,https://www.rex.app/en,Verified,2025-12-24,Verified English Support
Berlin-4,Felmo Mobile Veterinarians,Berlin,Home Visits*,"Alt-Moabit 73/73a, 10555 Berlin",52.52410159999999,13.3327137,,https://felmo.de/en,Verified,2025-12-24,Verified English Support
Berlin-5,Klinik für kleine Haustiere (FU Berlin Small Animal Clinic),Berlin,Düppel/Zehlendorf,"Oertzenweg 19b, 14163 Berlin (Düppel/Zehlendorf)",52.4290895,13.236957,,https://www.vetmed.fu-berlin.de/einrichtungen/kliniken/we20/index.html,Verified,2025-12-24,Verified English Support
Berlin-6,Dr. Jens Vöster,Berlin,Charlottenburg,"Hohenzollerndamm 185, 10713 Berlin",52.4914239,13.3181079,,https://tierarztpraxis-berlin.net,Verified,2025-12-26,Community Verified
Berlin-7,Tierarztpraxis Anne Gamalski,Berlin,Charlottenburg,"Weimarer Str. 9, 10625 Berlin (Charlottenburg)",52.5099783,13.3116933,,http://www.tierarztpraxis-gamalski.de/,Verified,2025-12-24,Verified English Support
Berlin-8,Kleintierspezialisten Berlin,Berlin,Tegel,"Wittestraße 30 P, 13509 Berlin (Tegel)",52.5804781,13.2946262,,https://www.kleintierspezialisten.de/en,Verified,2025-12-24,Verified English Support; Jameda Verified
Berlin-9,Veterinary Practice Bärenwiese,Berlin,Wilmersdorf,"Uhlandstraße 151, 10719 Berlin",52.5067778,13.2677368,,https://tierarzt-baerenwiese.de,Verified,2025-12-26,Verified English Support
Berlin-10,Veterinary Clinic Chung & Wahle,Berlin,Friedenau,"Hauptstraße 89, 12159 Berlin",52.4746437,13.3353241,,http://tierarztpraxis-chung-wahle.com,Verified,2025-12-26,Verified English Support; Confirmed English-speaking via Google Reviews comments
Berlin-11,Tierarztpraxis Peters,Berlin,Weißensee,"Lehderstraße 42, 13086 Berlin (Weißensee)",52.5514741,13.437026,,https://www.tierarztpraxis-peters-weissensee.de/,Verified,2025-12-24,Verified English Support
Berlin-81,Valera Veterinary Clinic,Berlin,Zehlendorf,"Potsdamer Straße 23/24, 14163 Berlin",52.4332462,13.2592737,,https://www.valeratierklinikberlin.com/,Verified,2025-12-26,Verified English Support
Berlin-13,Dr. Peter Vogel,Berlin,Friedrichshain,"Finowstraße 14, 10247 Berlin",52.5234071,13.4503374,,http://www.drpetervogel.de,Verified,2025-12-26,Verified English Support; Address updated from Ebelingstraße
Berlin-14,Tierarztpraxis Sarah Watson,Berlin,Neukölln,"Altenbraker Str. 29, 12051 Berlin (Neukölln)",52.468653,13.4330363,,https://www.tierarzt-watson.de/,Verified,2025-12-24,Verified English Support
Berlin-15,Kleintierpraxis 4 Pfoten & Co,Berlin,Lichtenberg,"Fanningerstraße 27, 10365 Berlin (Lichtenberg)",52.5143907,13.4951561,,http://www.4pfoten-berlin.de/,Verified,2025-12-24,Verified English Support
Berlin-16,Tierarztpraxis Dr. Renate Lorenz,Berlin,Lichterfelde,"Oberhofer Weg 68, 12209 Berlin (Lichterfelde)",52.4183156,13.3320078,,http://tier-arzt.berlin/,Verified,2025-12-24,Verified English Support
Berlin-17,Tierarztpraxis Bartels & Wende (formerly Heinemann),Berlin,Wilmersdorf,"Mansfelder Straße 19, 10713 Berlin (Wilmersdorf)",52.4888413,13.3110131,,https://www.berliner-tierarztpraxis.de/,Verified,2025-12-24,Verified by Community
Berlin-18,Tierarztpraxis am Mauerpark,Berlin,Prenzlauer Berg,"Wolliner Str. 21, 10435 Berlin (Prenzlauer Berg)",52.5395953,13.401733,,https://www.tierarztpraxis-am-mauerpark.de/,Verified,2025-12-25,Verified by Community
Berlin-19,Tierarztpraxis Dr. Stahlhut (Tierarzt Westend),Berlin,Westend,"Reichsstraße 2, 14052 Berlin (Westend)",52.5107099,13.2709188,,https://www.tierarzt-westend.de/,Verified,2025-12-24,Verified English Support
Berlin-20,"Tierarztpraxis Pastor (""Tierärzte im Kiez"")",Berlin,Friedrichshagen,"Bölschestraße 8, 12587 Berlin (Friedrichshagen)",52.4478304,13.62464,,https://www.tieraerzte-im-kiez.de/,Verified,2025-12-24,Verified English Support
Berlin-22,Tierarztpraxis Dr. Till Robl,Berlin,Prenzlauer Berg,"Husemannstraße 3, 10435 Berlin (Prenzlauer Berg)",52.5371564,13.41717,,http://www.tierarztpraxis-robl.de/,Verified,2025-12-24,Verified English Support
Berlin-23,Tierarztpraxis Grünau (Dr. Manuela Wight),Berlin,Treptow-Köpenick,"Regattastraße 58, 12527 Berlin (Treptow-Köpenick)",52.4156983,13.5819704,,https://www.tierarztpraxisgruenau.de/,Verified,2025-12-24,Verified English Support
Berlin-24,Tiermedizinzentrum Berlin (Schöneberg),Berlin,Schöneberg,"Kufsteiner Str. 22, 10825 Berlin",52.4855545,13.3366726,,https://www.tiermedizinzentrum.de/,Verified,2025-12-24,Verified English Support; Jameda Verified
Berlin-25,Dr. med. vet. Katharina Dralle (Friedenau),Berlin,Friedenau,"Rotdornstr. 7, 12161 Berlin",52.4708837,13.3254512,,https://www.tierarzt-dralle-berlin.de/,Verified,2025-12-24,Verified English Support; Jameda Verified
Berlin-26,Tierarztpraxis am Schlosspark (Jana Czernutzky),Berlin,Pankow,"Dietzgenstraße 28, 13156 Berlin (Pankow)",52.5825569,13.4043662,,https://www.tierarzt-schlosspark.de/,Verified,2025-12-24,Verified English Support; Jameda Verified
Berlin-27,Dr. Claudia Wegeler (Tempelhof),Berlin,Tempelhof,"Rangsdorfer Str. 9, 12307 Berlin",52.3889464,13.3905872,,http://www.tierarztpraxis-dr-wegeler.de,Verified,2025-12-26,Verified English Support; Jameda Verified
Berlin-28,Tierarztpraxis Dr. med. vet. Stephanie Adams (Bernau),Berlin,Bernau,"Wandlitzer Chaussee 1, 16321 Bernau",52.6823492,13.5858973,,https://www.tierverhaltenstherapie-adams.de,Verified,2025-12-26,Verified English Support; Jameda Verified
Berlin-29,Bernhard Alexander (Schöneberg),Berlin,Schöneberg,"Hauptstr. 92, 10827 Berlin",52.4763237,13.3418436,,,Permanently Closed,2025-12-26,Verified English Support
Berlin-31,Tierarztpraxis am Olivaer Platz (Dr. med. vet. S. Robl),Berlin,Wilmersdorf,"Olivaer Platz 11, 10707 Berlin",52.499682,13.3162955,,,Permanently Closed,2025-12-24,Verified English Support
Berlin-32,AniCura Tierklinik Berlin-Biesdorf,Berlin,Biesdorf,"Alt-Biesdorf 22, 12683 Berlin (Biesdorf)",52.5087397,13.5557345,,https://www.anicura.de/standorte/tierklinik-berlin-biesdorf/,Verified,2025-12-24,Verified English Support
Berlin-33,Tierarztpraxis Sonnenallee - Dr. Jana Kudritzki und Daniel Kitzing,Berlin,Neukölln,"Sonnenallee 204, 12059 Berlin",52.4746,13.4542,030 6814455,https://www.tierarztpraxis-sonnenallee.de/,Verified,2025-12-26,Verified English Support; Community Verified
Berlin-34,Tierarztpraxis am Lietzenseepark (Dr. Layla Hourani),Berlin,Charlottenburg,"Riehlstraße 3, 14057 Berlin",52.505618,13.285243,,http://tierarztpraxis-am-lietzenseepark.de,Verified,2025-12-26,Verified by Community
Berlin-36,Tierarztpraxis am Wasserturm,Berlin,Prenzlauer Berg,"Rykestraße 4, 10405 Berlin",52.5350841,13.4196661,,http://tierarztpraxis-wasserturm.de,Verified,2025-12-26,Verified English Support
Berlin-37,Tierarztpraxis Gotthardt,Berlin,Grunewald,"Winkler Str. 21, 14193 Berlin",52.489252,13.2714154,,http://tierarzt-berlin-gotthardt.de,Verified,2025-12-26,Verified by Community; Address updated from Winkler Straße 2
Berlin-38,Marita Toepfer Veterinary Services,Berlin,Zehlendorf,"Beerenstraße 28, 14163 Berlin",52.4364378,13.2415326,,,Permanently Closed,2025-12-26,Verified by Community
Berlin-39,Tierarztpraxis Dr. C. S. Alexander,Berlin,Steglitz,"Steglitzer Damm 48, 12169 Berlin",52.4501772,13.3437303,,http://tierphysiotherapie-alexander.de,Verified,2025-12-26,Verified by Community; Now specializes in animal physiotherapy
Berlin-40,Tierarztpraxis Ellen Laskawy,Berlin,Friedrichshain,"Bänschstraße 58, 10247 Berlin",52.5175127,13.4680346,,http://www.laskawy-berlin.de,Verified,2025-12-26,Verified English Support; Address updated from Bänschstraße 70
Berlin-41,Tierarztpraxis am Urbanhafen,Berlin,Kreuzberg,"Baerwaldstraße 69, 10961 Berlin",52.4919415,13.4029716,,http://www.tierarztpraxis-am-urbanhafen.de,Verified,2025-12-26,Confirmed English-speaking via Google Reviews comments; Address updated from Blücherstraße
Berlin-42,Praxis Tierzuliebe (Dr. Bertram),Berlin,Charlottenburg,"Edisonstraße 12, 12459 Berlin",52.5043327,13.2957476,,http://www.praxis-tierzuliebe.de,Verified,2025-12-26,Verified by Community; Address updated from Friedbergstraße
Berlin-43,Mobile Tierarztpraxis Berlin - Dr. Pascal Klunder,Berlin,Schöneberg,"Gutzkowstraße 4, 10827 Berlin",52.4834,13.3524,0162 7462404,https://tierarzt-mobil-berlin.de/,Verified,2025-12-26,Verified English Support
Berlin-44,Tierarztpraxis Dr. Wolfgang Beck,Berlin,Neukölln,"Weichselstraße 25, 12045 Berlin (Neukölln)",52.4870325,13.4368022,030 6239664,http://www.tierarztpraxis-dr-beck.de/index.htm,Verified,2025-12-26,Verified English Support; Community Verified; Confirmed via Google Review: "English speaking and always have the best solutions"
Berlin-45,Medivet Berlin-Pankow,Berlin,Pankow,"Pasewalker Straße 25, 13127 Berlin",52.5883891,13.429743,,https://www.medivetgroup.com/de/tierarztpraxis-suche/berlin/medivet-berlin-pankow/,Verified,2025-12-24,Verified English Support
Berlin-95,Pfotendoctor - dein digitaler Tierarzt,Berlin,Mitte,"Wöhlertstraße 12-13, 10115 Berlin",52.5372757,13.3786958,0800 7777444,https://www.pfotendoctor.de/,Verified,2025-12-25,Digital-only service with multiple reviews mentioning English-speaking doctors.; Verified English Support
Berlin-96,Veterinary practice Galina Schirow GmbH (Hansavet),Berlin,Hansaviertel,"Bartningallee 5, 10557 Berlin",52.5190267,13.3427188,030 39886966,http://www.vetpraxis-schirow.de/,Verified,2025-12-25,"Multilingual team (English, German, Russian); Review: 'A highly competent and caring team of veterinarians - perfect for internationals!'"
Berlin-97,Tierarztpraxis Brigitte Ludwig-Kahya,Berlin,Kreuzberg,"Wilhelmstraße 3, 10963 Berlin",52.500908,13.391216,030 2513480,http://www.tierarztpraxis-in-kreuzberg.de/,Verified,2025-12-25,Review: 'EVERYONE SPEAKS ENGLISH. The place is amazingly clean and spacious.'; Fluent English staff members confirmed by multiple international pet owners.
Frankfurt-46,Filu Vet Nordend,Frankfurt,Nordend,"Weberstraße 59, 60318 Frankfurt am Main",50.1265373,8.6865236,,https://www.filu.vet,Verified,2025-12-24,Verified English Support
Frankfurt-47,Rex Tierarzt Frankfurt Ostend,Frankfurt,Ostend,"Wittelsbacherallee 26, 60316 Frankfurt am Main",50.119189,8.7031839,,https://www.rex.app/clinics/frankfurt-ostend,Verified,2025-12-24,Verified English Support
Frankfurt-48,Tierarztpraxis Sonja Krämer,Frankfurt,Sossenheim,"Westerbachstraße 226, 65936 Frankfurt am Main (Sossenheim)",50.1237711,8.5766749,,https://www.tierarzt-kraemer.de/en/,Verified,2025-12-24,Verified English Support
Frankfurt-49,Tierarztpraxis Dr. Maike Höch,Frankfurt,Eckenheim,"Eckenheimer Landstraße 340, 60435 Frankfurt (Eckenheim)",50.1488729,8.6813374,,https://www.dr-hoech.de/en/,Verified,2025-12-24,Verified English Support
Frankfurt-50,Tierklinik Hofheim (Specialist Center),Hofheim,Specialist Center,"Im Ried 12, 65719 Hofheim am Taunus",50.0896786,8.4623423,,https://www.tierklinik-hofheim.de,Verified,2025-12-24,Verified English Support
Frankfurt-51,AniCura Kleintierzentrum (Juliusstraße),Frankfurt,Bockenheim,"Juliusstraße 12, 60487 Frankfurt",50.1234958,8.6448043,,https://www.anicura.de/standorte/frankfurt/,Verified,2025-12-26,Community Verified
Frankfurt-52,Dr. Andrea Töpfer,Frankfurt,Ginnheim,"Füllerstraße 100, 60431 Frankfurt",50.1434282,8.6488114,,http://www.tierarztpraxis-toepfer.de,Verified,2025-12-26,Verified by Community
Frankfurt-53,Dr. Cavalcanti (VetPetCare),Bad Homburg,Frankfurt) & Bad Homburg,"Kirdorfer Str. 14, 61350 Bad Homburg vor der Höhe",50.1766221,8.6320784,,https://kleintierpraxis-vetpetcare.de,Verified,2025-12-24,Verified English Support
Frankfurt-54,Tierarztpraxis Maja Firlé,Frankfurt,Gallus/City West,"Hamburger Allee 14, 60486 Frankfurt am Main",50.1277397,8.6862685,,https://www.tierarztpraxis-frankfurt.de/,Verified,2025-12-24,Verified English Support
Frankfurt-55,Tierarztpraxis Sachsenhausen (Dr. Jan Kullen / Dr. Elena Panova),Frankfurt,Dr. Jan Kullen / Dr. Elena Panova,"Textorstraße 93, 60596 Frankfurt am Main",50.0995779,8.6813158,,https://www.tierarzt-sachsenhausen.de/,Verified,2025-12-24,Verified English Support
Frankfurt-56,Kleintierklinik Frankfurt Bockenheim,Frankfurt,Bockenheim,"Ginnheimer Landstraße 11, 60487 Frankfurt am Main",50.1288579,8.6423265,,https://www.tierklinik-frankfurt.de/,Verified,2025-12-24,Verified English Support
Frankfurt-57,Tierarztpraxis am Kurfürstenplatz (Bockenheim),Frankfurt,Bockenheim,"Kurfürstenstraße 3, 60486 Frankfurt am Main",50.1224332,8.6451228,,https://www.tierarzt-bockenheim.de/,Verified,2025-12-24,Verified English Support
Frankfurt-58,Tierarztpraxis Bornheim (Dr. Katrin Witt),Frankfurt,Dr. Katrin Witt,"Heisterstraße 1, 60385 Frankfurt am Main",50.1036973,8.696417,,https://www.tierarztpraxis-bornheim.de/,Verified,2025-12-24,Verified by Community
Frankfurt-59,Tierarztpraxis Dr. Joachim & Katja Gross,Frankfurt,Sachsenhausen,"Mörfelder Landstraße 263, 60598 Frankfurt (Sachsenhausen)",50.0935559,8.6782109,,https://www.tierarzt-frankfurt-sachsenhausen.de/,Verified,2025-12-24,Verified English Support
Frankfurt-60,Tierklinik Kalbach (Kleintierklinik am Nordpark),Frankfurt,"Am Nordpark 10), 60437 Frankfurt am Main","Max-Holder-Straße 4 (Am Nordpark 10), 60437 Frankfurt am Main",50.18973,8.6509635,,https://tierklinik-kalbach.de/,Verified,2025-12-24,Verified English Support
Frankfurt-61,Tierarztpraxis Berger (Melanie Berger),Frankfurt,Sachsenhausen,"Darmstädter Landstraße 48, 60594 Frankfurt (Sachsenhausen)",50.1019831,8.6906204,,https://tierarztpraxis-berger.com/,Verified,2025-12-24,Verified English Support; Community Verified
Frankfurt-62,Tierklinik Trillig (Obertshausen),Frankfurt,Obertshausen,"Birkenwaldstr. 42, 63179 Obertshausen",50.07601040000001,8.875295,,https://www.tierklinik-trillig.de,Verified,2025-12-24,Verified English Support
Frankfurt-63,Kleintierpraxis Frankfurt (Dr. Moudrianakis),Frankfurt,Frankfurt,"Leerbachstraße 122, 60322 Frankfurt",50.1243152,8.6719379,,http://www.kleintierpraxis-frankfurt.de,Verified,2025-12-26,Verified by Community
Frankfurt-64,Dr. med. vet. Sandra Härtter,Frankfurt,Bergen-Enkheim,"Leuchte 47, 60388 Frankfurt",50.1433522,8.7626709,,http://www.tierarzt-bergen-enkheim.de,Verified,2025-12-26,Verified English Support
Frankfurt-65,Tierarztpraxis Dr. med. vet. Moormann,Königstein,Königstein,"Frankfurter Str. 11, 61462 Königstein im Taunus",50.1815992,8.471150399999999,,https://www.tierarzt-moormann.de/,Verified,2025-12-24,Verified English Support; Community Verified
Frankfurt-66,Praxis Dr. med. vet. Anette Fach (Oberursel),Oberursel,Taunus,"Dornbachstr. 33 a, 61440 Oberursel (Taunus)",50.2144864,8.5668588,,https://www.kleintierpraxis-oberursel.de/,Verified,2025-12-24,Verified English Support; Jameda Verified
Frankfurt-67,Kleintierpraxis am Zauberberg (Dr. Katja Feuerbacher),Kelkheim,Taunus,"Robert-Koch-Str. 116, 65779 Kelkheim (Taunus)",50.1773429,8.404821,,https://www.kleintierpraxis-kelkheim.de/,Verified,2025-12-24,Verified English Support; Jameda Verified
Frankfurt-68,Felmo Mobiler Tierarzt (Frankfurt),Frankfurt,Frankfurt,"Königsberger Str. 2, 60487 Frankfurt am Main",50.1290747,8.628140799999999,,https://felmo.de/tierarzt/frankfurt,Verified,2025-12-24,Verified English Support
Hamburg-69,filu Tierarztpraxis Winterhude,Hamburg,Winterhude,"Mühlenkamp 21A, 22303 Hamburg",53.5808087,10.0112803,,https://filu.vet/hamburg/winterhude,Verified,2025-12-24,Verified English Support
Hamburg-70,Rex Tierarztpraxis (Winterhude & Ottensen),Hamburg,Winterhude & Ottensen,"Winterhuder Marktplatz 1, 22299 Hamburg / Ottensen",53.5942753,9.9987207,,https://www.rex.app/en,Verified,2025-12-24,Verified English Support
Hamburg-71,VetZentrum Hafencity,Hamburg,Hafencity,"Baakenallee 90, 20457 Hamburg",53.5364937,10.0169081,,https://www.vetzentrum-hafencity.de/,Verified,2025-12-24,Verified English Support
Hamburg-72,Tierarztpraxis am Millerntor,Hamburg,St. Pauli,"Budapester Straße 31, 20359 Hamburg",53.5537665,9.9648394,,https://www.tierarztpraxis-am-millerntor.de/,Verified,2025-12-26,Verified English Support; Community Verified
Hamburg-73,Tierarztpraxis ElbVet Hamburg,Hamburg,Bahrenfeld/Altona,"Friedensallee 290, 22763 Hamburg (Bahrenfeld/Altona)",53.5598548,9.9106261,,https://www.elbvet-hamburg.de/,Verified,2025-12-25,"Verified English Support; Confirmed via Google Review: ""was friendly, experienced, and could communicate well in English."""
Hamburg-74,AniCura Kleintierzentrum (Niendorf),Hamburg,Niendorf,"Garstedter Weg 274, 22455 Hamburg",53.6386928,9.9699638,,https://www.anicura.de/hamburg-niendorf,Verified,2025-12-24,Verified English Support; Jameda Verified
Hamburg-75,Medivet Tierarztpraxis Hamburg-Stellingen,Hamburg,Stellingen,"Kieler Straße 336, 22525 Hamburg",53.5872479,9.9327793,,https://www.medivetgroup.com/de/tierarztpraxis-suche/hamburg/medivet-hamburg-stellingen/,Verified,2025-12-25,Verified English Support
Hamburg-76,Dr. med. vet. Fabian von Manteuffel,Hamburg,Bramfeld,"Hülsdornweg 24, 22179 Hamburg (Bramfeld)",53.5950623,10.0650516,,http://www.tierarzt-manteuffel.de/,Verified,2025-12-25,"Verified English Support; Confirmed via Google Review: ""English-speaking doctor."""
Hamburg-77,Dr. med. vet. Michael Gervers,Hamburg,Barmbek-Nord,"Fuhlsbüttler Str. 344, 22307 Hamburg (Barmbek-Nord)",53.6010893,10.0413859,,http://www.tierarzt-gervers.de/,Verified,2025-12-24,Verified English Support; Jameda Verified
Hamburg-78,Tierärztliche Gemeinschaftspraxis St. Pauli (Dr. Svenja Korth),Hamburg,St. Pauli,"Hopfenstraße 11-13, 20359 Hamburg",53.5573499,9.9691309,,https://tierarzt-stpauli.hamburg,Verified,2025-12-26,Verified English Support; Jameda Verified
Hamburg-79,Dr. med. vet. Dagmar H. Vogel,Hamburg,Eimsbüttel,"Tresckowstr. 6, 20259 Hamburg",53.5739651,9.963081,,http://www.tierarzt-hh.de,Verified,2025-12-26,Verified English Support; Jameda Verified
Hamburg-80,AniCura Fachzentrum Hamburg (Jenfeld),Hamburg,Jenfeld,"Rodigallee 85, 22043 Hamburg",53.5706531,10.1050302,,https://www.anicura.de/hamburg,Verified,2025-12-24,Verified English Support
Hamburg-82,Tierarztpraxis Dr. Stefanie Möller,Hamburg,Harvestehude,"Isestraße 49, 20144 Hamburg",53.5817841,9.9817247,,,Verified but No Website Found,2025-12-26,Verified by Community
Hamburg-83,Dr. med. vet. Imke Tammena,Hamburg,Sasel,"Waldweg 42, 22393 Hamburg",53.6552338,10.1206751,,http://tierarztpraxis-sasel.de,Verified,2025-12-26,Verified English Support; Jameda Verified; Community Verified
Hamburg-84,Tierarztpraxis Sülldorf (Gwendolien Lehmann),Hamburg,Sülldorf,"Sülldorfer Kirchenweg 2, 22587 Hamburg",53.5640672,9.8128885,,https://www.tierarzt-blankenese.de,Verified,2025-12-26,Verified English Support; Jameda Verified
Hamburg-85,Tierarztpraxis Simon,Hamburg,Rahlstedt,"Bargteheider Str. 156, 22143 Hamburg",53.6005735,10.1438955,,https://simon.hamburg/,Verified,2025-12-26,Verified English Support
Hamburg-88,Tierklinik Lademannbogen,Hamburg,Hummelsbüttel,"Lademannbogen 126, 22339 Hamburg",53.6438854,10.0290527,,https://www.tierklinik-lademannbogen.de,Verified,2025-12-26,Verified English Support
Hamburg-86,Dr. med. vet. Eva Tutlies,Hamburg,Billstedt,"Schiffbeker Weg 46, 22119 Hamburg",53.5444196,10.1048408,,http://kleintierpraxis-tutlies.de,Verified,2025-12-26,Verified by Community
Hamburg-87,Dr. med. vet. Nicolai Mannstaedt,Hamburg,Neugraben,"Neugrabener Bahnhofstraße 5a, 21149 Hamburg",53.4677627,9.8547253,,http://kleintierpraxis-neugraben.de,Verified,2025-12-26,Verified English Support; Practice now Kleintierpraxis Neugraben
Hamburg-89,Dr. med. vet. Klaus-Henning von Kuenheim,Hamburg,Bramfeld,"Bramfelder Chaussee 10, 22177 Hamburg",53.5939221,10.0599291,,,Verified but No Website Found,2025-12-26,Verified English Support
Hamburg-91,Tierarztpraxis Dr. von Marnitz,Hamburg,Schnelsen,"Holsteiner Chaussee 38, 22523 Hamburg",53.6117063,9.9056719,,https://www.von-marnitz.de,Verified,2025-12-26,Verified English Support
Hamburg-90,Dr. Mirja Fenske,Hamburg,Lohbrügge,"Osterrade 36 a, 21031 Hamburg",53.5106736,10.1845589,,http://tierarztbergedorf.de,Verified,2025-12-26,Jameda Verified
Hamburg-94,Felmo Mobiler Tierarzt (Hamburg),Hamburg,Hamburg,"Borsteler Chaussee 85-99, 22453 Hamburg",53.6050408,9.9792363,,,Verified,2025-12-25,"Verified English Support; Confirmed via Google Review: ""English and she was kind patient!"""
Berlin-98,Tierarztpraxis Dr. Demmler und Dr. Wehming,Berlin,Berlin,"Wiener Straße 25, 10999 Berlin",52.49969,13.43355,030 6181766,https://www.tierarzt-wienerstrasse.de/,Verified,2025-12-26,"Confirmed English-speaking via Google Reviews comments; Confirmed via Google Review: ""English speaking doctors!"""
Berlin-99,Dr. Johanna Pauls,Berlin,Berlin,"Rykestraße 35, 10405 Berlin",52.5385307,13.4216955,030 23900061,http://www.kleintier-sonographie.de/?page_id=122,Verified,2025-12-25,Confirmed English-speaking via Google Reviews comments
Berlin-101,Kleintiermedizin am Lützowufer,Berlin,Berlin,"Lützowufer 24, 10787 Berlin",52.5062018,13.3493321,030 26397900,https://www.vet-berlin.de/,Verified,2025-12-25,Confirmed English-speaking via Google Reviews comments
Berlin-102,Dipl.Med.Vet. Jörg Porada,Berlin,Berlin,"Rungestraße 18, 10179 Berlin",52.5121682,13.419935,030 2754906,https://tierarztportal.com/berlin/653-dipl-vet-med-joerg-porada,Verified,2025-12-25,Confirmed English-speaking via Google Reviews comments
Berlin-103,Tierarztpraxis Liegnitzer,Berlin,Berlin,"Liegnitzer Str. 19, 10999 Berlin",52.4929802,13.4338649,030 6126474,http://www.tierarztpraxis-liegnitzer.de/,Verified,2025-12-25,Confirmed English-speaking via Google Reviews comments
Berlin-104,Pet-Station (Tierarztpraxis),Berlin,Schöneberg,"Kulmer Str. 26, 10783 Berlin",52.4921297,13.3651314,030 51058546,https://pet-station.de/,Verified,2025-12-26,Verified English Support; Merged with general Tierarztpraxis entry
Berlin-105,Tierarztpraxis Rödiger - Das Veterinärmedizinische Zentrum Berlin - 24h geöffnet,Berlin,Berlin,"Scharnweberstraße 136, 13405 Berlin",52.5643159,13.3262383,030 4127357,https://www.vetzentrum-berlin.de/,Verified,2025-12-25,Verified by Community
Berlin-106,Veterinary Practice by the Water Tower,Berlin,Berlin,"Rykestraße 4, 10405 Berlin",52.5350514,13.419747,030 4420329,http://www.tierarztpraxis-wasserturm.de/,Verified,2025-12-25,Verified English Support
Berlin-107,Veterinarian and cattery,Berlin,Berlin,"Conrad-Blenkle-Straße 4, 10407 Berlin",52.5281499,13.4502641,030 42085005,http://www.tierarztpraxis-am-velodrom.de/,Verified,2025-12-25,"Confirmed via Google Review: ""English language support."""
Berlin-108,Felmo Mobiler Tierarzt Berlin,Berlin,Berlin,"Alt-Moabit 73/73a, 10555 Berlin",52.524102,13.332714,0800 0010347,,Verified,2025-12-25,Verified by Community
Berlin-109,Tierarztpraxis Rödiger - Das Veterinärmedizinische Zentrum Berlin - 24h geöffnet,Berlin,Berlin,"Scharnweberstraße 136, 13405 Berlin",52.564316,13.326238,030 4127357,,Verified,2025-12-25,Verified by Community
Berlin-110,Dr. Ulusal veterinarian,Berlin,Berlin,"Prinzenallee 72-73, 13357 Berlin",52.5554661,13.3836295,030 4936060,http://www.tierarzt-in-wedding.de/,Verified,2025-12-25,Verified by Community
Berlin-111,Veterinary clinic for cats - vets for cats Berlin,Berlin,Berlin,"Bayerischer Pl. 2, 10779 Berlin",52.4897329,13.3391583,030 34398877,https://www.vetsforcats.de/,Verified,2025-12-25,Verified by Community
Berlin-112,Veterinary clinic for small animals and pets,Berlin,Berlin,"Alt-Biesdorf 22, 12683 Berlin",52.5087827,13.5557674,030 5143760,https://www.tierklinik-in-biesdorf.de/,Verified,2025-12-25,"Confirmed via Google Review: ""was kind, calm and they spoke"""
Berlin-113,Rex Tierarztpraxis Berlin-Prenzlauer Berg,Berlin,Berlin,"Greifswalder Str. 204, 10405 Berlin",52.5334687,13.4293548,030 91733620,https://www.rex.app/praxen/berlin-prenzlauer-berg,Verified,2025-12-25,Verified by Community
Berlin-114,Felmo Mobiler Tierarzt Berlin,Berlin,Berlin,"Alt-Moabit 73/73a, 10555 Berlin",52.5241016,13.3327137,030 31196542,https://felmo.de/tierarzt/berlin/?utm_medium=referral&utm_source=google_my_business&utm_term=berlin,Verified,2025-12-25,Verified by Community
Berlin-115,Dr.med.vet. Claudia Pastor Tierärztin,Berlin,Berlin,"Brüsseler Str. 52A, 13353 Berlin",52.54868,13.3531601,030 4539080,http://www.tierarztpraxis-pastor.de/,Verified,2025-12-25,Verified by Community
Berlin-116,Dr. med. vet. Claudia Handke,Berlin,Berlin,"Danziger Str. 15, 10435 Berlin",52.5407316,13.4157091,030 4421760,http://www.tierarztpraxis-prenzlauerberg.de/,Verified,2025-12-25,Verified by Community
Berlin-118,Kleintierpraxis im Kiez - TA Jörg Saecker,Berlin,Berlin,"Pohlstraße 69, 10785 Berlin",52.5008191,13.3628081,0163 6746922,http://www.kieztierarzt.de/,Verified,2025-12-25,Verified by Community
Berlin-119,Veterinary practice Friedrichshain Sabine Heidel,Berlin,Berlin,"Auerstraße 44, 10249 Berlin",52.5209184,13.4462681,030 78083485,http://www.tierarztpraxis-friedrichshain.de/,Verified,2025-12-25,Verified by Community
Berlin-120,Tierarztpraxis Dr. Peter Vogel,Berlin,Berlin,"Finowstraße 14, 10247 Berlin",52.5114026,13.4666047,030 29776835,http://www.drpetervogel.de/,Verified,2025-12-25,Verified by Community
Berlin-121,Veterinary practice E. Laskawy,Berlin,Berlin,"Bänschstraße 58, 10247 Berlin",52.5176605,13.4663371,030 4267684,http://www.laskawy-berlin.de/,Verified,2025-12-25,Verified by Community
Berlin-122,Rex Tierarztpraxis Berlin-Friedrichshain,Berlin,Berlin,"Revaler Str. 17, 10245 Berlin",52.5072059,13.4575494,030 91734338,https://www.rex.app/praxen/rex-berlin-friedrichshain,Verified,2025-12-25,Verified by Community
Berlin-123,Tierarztpraxis Rotgang,Berlin,Berlin,"Greifswalder Str: 21, 10405 Berlin",52.5310183,13.4278352,030 4254696,https://www.tierarztpraxis-rotgang.de/,Verified,2025-12-25,Verified by Community
Berlin-124,Tierarztpraxis Oldenburger Straße,Berlin,Berlin,"Oldenburger Str. 44, 10551 Berlin",52.5289304,13.3357299,030 3951555,http://www.tierarztpraxis-oldenburger-strasse.de/,Verified,2025-12-25,Verified by Community
Berlin-125,Tierarztpraxis am Südkreuz,Berlin,Berlin,"Gustav-Müller-Straße 19, 10829 Berlin",52.4808667,13.3621523,030 96083860,http://www.tierarztpraxis-am-suedkreuz.de/,Verified,2025-12-25,Verified by Community
Berlin-126,DER TIERARZT Dr. Theobald in Schöneberg,Berlin,Berlin,"Eisenacher Str. 40, 10781 Berlin",52.4898995,13.3487913,030 2111779,https://tierarztschoeneberg.de/,Verified,2025-12-25,Verified by Community
Hamburg-95,Die Hamburger Tierärzte - Dr. med. vet. Ulf Krohn und Florian Grosser - Praxis für kleine Haustiere,Hamburg,Hohenfelde,"Lübecker Str. 128 U-Bahn Wartenau U 1, 22087 Hamburg",53.5635992,10.0345325,040 2202331,http://www.dht.hamburg/,Verified,2025-12-25,"Confirmed via Google Review: ""speak English and even Portuguese."""
Hamburg-96,Kleintierzentrum Kotzian,Hamburg,Alsterdorf,"Alsterdorfer Str. 255A, 22297 Hamburg",53.6082228,10.0052354,040 5110707,http://www.tierklinik-kotzian.de/,Verified,2025-12-25,Verified English Support
Hamburg-97,Tierklinik Fuhlsbüttel,Hamburg,Fuhlsbüttel,"Farnstraße 41, 22335 Hamburg",53.6327356,10.0210687,040 592859,https://www.tierarztfuhlsbuettel.de/,Verified,2025-12-25,Verified English Support
Hamburg-98,AniCura Hamburg Niendorf GmbH,Hamburg,Niendorf,"Garstedter Weg 274, 22455 Hamburg",53.6387008,9.9699341,040 55204088,https://www.anicura.de/standorte/hamburg-niendorf/,Verified,2025-12-25,"Confirmed via Google Review: ""English and were very helpful"""
Hamburg-99,Dr.med.vet. Bergit Grünau,Hamburg,Winterhude,"Dorotheenstraße 63, 22301 Hamburg",53.5836,10.0071901,040 482844,,Verified,2025-12-25,"Confirmed via Google Review: ""English is a bonus"""
Hamburg-100,Veterinarian Dr. Eva Tutlies,Hamburg,Billstedt,"Schiffbeker Weg 46, 22119 Hamburg",53.5444343,10.1047443,040 7313231,http://www.kleintierpraxis-tutlies.de/,Verified,2025-12-25,"Confirmed via Google Review: ""English was very good which I really appreciated and good value."""
Hamburg-101,ProPferd Hamburg Pferdeosteopathie & mobiler Reitunterricht,Hamburg,Unknown,"Dorfstraße 6, 25451 Quickborn",53.5488282,9.987170299999999,0174 4929182,http://www.propferdhamburg.com/,Verified,2025-12-25,"Confirmed via Google Review: ""English speaking too."""
Frankfurt-69,Veterinary Medical Center Europe,Frankfurt,Unknown,Frankfurt am Main,50.1109221,8.6821267,06371 94641900,https://www.google.com/maps/place/Veterinary+Medical+Center+Europe/data=!4m7!3m6!1s0x4796732974646ce7:0xb433a9c9a364d97e!8m2!3d49.4295152!4d7.6861462!16s%2Fg%2F11c208rp4z!19sChIJ52xkdClzlkcRftlko8mpM7Q?authuser=0&hl=en&rclk=1,Verified,2025-12-25,"Confirmed via Google Review: ""Great service, friendly helpful""; Confirmed via Google Review: ""English speaking lady"""
Frankfurt-71,Tierarztpraxis Andres De Lima,Frankfurt,Unknown,Frankfurt am Main,50.1109221,8.6821267,06371 9188440,https://www.google.com/maps/place/Tierarztpraxis+Andres+De+Lima/data=!4m7!3m6!1s0x4796751aeabed1e5:0x9af5d33d4d1da710!8m2!3d49.4081967!4d7.5827648!16s%2Fg%2F11g0dsyzwr!19sChIJ5dG-6hp1lkcREKcdTT3T9Zo?authuser=0&hl=en&rclk=1,Verified,2025-12-25,"Confirmed via Google Review: ""spoke perfect"""
Frankfurt-73,Animal Hospital Hofheim GbR,Hofheim,Unknown,"Katharina-Kemmler-Straße 7, 65719 Hofheim am Taunus",50.0896786,8.4623423,06192 290290,https://www.google.com/maps/place/Animal+Hospital+Hofheim+GbR/data=!4m7!3m6!1s0x47bda1624f17d315:0xf80a023b02607a8f!8m2!3d50.0896786!4d8.4623423!16s%2Fg%2F1tlc_94t!19sChIJFdMXT2KhvUcRj3pgAjsCCvg?authuser=0&hl=en&rclk=1,Verified,2025-12-25,"Confirmed via Google Review: ""and take all forms of payment.""; Confirmed via Google Review: ""English speaking and take all forms of payment."""
Frankfurt-74,Animova Veterinarian - Tierarzt,Frankfurt,Unknown,Frankfurt am Main,50.1109221,8.6821267,06371 914314,https://www.google.com/maps/place/Animova+Veterinarian+-+Tierarzt/data=!4m7!3m6!1s0x47967519e7a7127b:0x22fb56f1632a28b1!8m2!3d49.419052!4d7.5727132!16s%2Fg%2F1thw5nz2!19sChIJexKn5xl1lkcRsSgqY_FW-yI?authuser=0&hl=en&rclk=1,Verified,2025-12-25,"Confirmed via Google Review: ""which made my trips very easy.""; Confirmed via Google Review: ""speak English which made my trips very easy."""
Frankfurt-75,Vet. Med. Praxis Bitburg,Frankfurt,Unknown,"Juliusstraße 12, 60487 Frankfurt am Main",50.1109221,8.6821267,06561 12012,https://www.google.com/maps/place/Vet.+Med.+Praxis+Bitburg/data=!4m7!3m6!1s0x47bfddde431fd367:0x7651d2a0b4bd1876!8m2!3d49.9734782!4d6.5204765!16s%2Fg%2F1pxwmcg8r!19sChIJZ9MfQ97dv0cRdhi9tKDSUXY?authuser=0&hl=en&rclk=1,Verified,2025-12-25,"Confirmed via Google Review: ""and take VAT forms, and are very kind and caring.""; Confirmed via Google Review: ""speak English and take VAT forms, and are very kind and caring."""
Frankfurt-77,Small veterinary practice Dr. Barth,Frankfurt,Unknown,"Am Wiesenhof 57, 60529 Frankfurt am Main",49.8600795,8.6598085,06301 5552,https://www.google.com/maps/place/Small+veterinary+practice+Dr.+Barth/data=!4m7!3m6!1s0x47960da805af349d:0x79125332be378b61!8m2!3d49.475439!4d7.7142676!16s%2Fg%2F1tjppfm9!19sChIJnTSvBagNlkcRYYs3vjJTEnk?authuser=0&hl=en&rclk=1,Verified,2025-12-25,Verified English Support
Frankfurt-78,Dr. med. vet. Tilman Michelberger,Frankfurt,Unknown,Frankfurt am Main,50.1109221,8.6821267,06371 70040,https://www.google.com/maps/place/Dr.+med.+vet.+Tilman+Michelberger/data=!4m7!3m6!1s0x47960ab34aa6589f:0x903245d0a30d0c6b!8m2!3d49.4443583!4d7.5583946!16s%2Fg%2F1xtf0hv8!19sChIJn1imSrMKlkcRawwNo9BFMpA?authuser=0&hl=en&rclk=1,Verified,2025-12-25,"Confirmed via Google Review: ""and are well educated and treated my dog with such love.""; Confirmed via Google Review: ""speak English and are well educated and treated my dog with such love."""
Frankfurt-79,Dr. med. vet. Otto Doermer,Frankfurt,Sachsenhausen,"Mörfelder Landstraße 98, 60598 Frankfurt am Main",50.0968403,8.6835219,069 60607887,https://www.google.com/maps/place/Dr.+med.+vet.+Otto+Doermer/data=!4m7!3m6!1s0x47bd0c19f177f047:0x7b30cef7f62abbd!8m2!3d50.0968403!4d8.6835219!16s%2Fg%2F1tg396hk!19sChIJR_B38RkMvUcRvatif-8Mswc?authuser=0&hl=en&rclk=1,Verified,2025-12-25,"Confirmed via Google Review: ""English speaking staff;"""
Frankfurt-80,Kleintierpraxis Dr. Corinne Martin,Frankfurt,Unknown,"Häusserstraße 36, 69115 Heidelberg",49.4000822,8.6886929,06221 6730600,https://www.google.com/maps/place/Kleintierpraxis+Dr.+Corinne+Martin/data=!4m7!3m6!1s0x4797c0e6b69d6f4f:0xe0ac382bdb44ec3d!8m2!3d49.4000822!4d8.6886929!16s%2Fg%2F11csqbw2dm!19sChIJT2-dtubAl0cRPexE2ys4rOA?authuser=0&hl=en&rclk=1,Verified,2025-12-25,"Confirmed via Google Review: ""and nurses.""; Confirmed via Google Review: ""English speaking vets and nurses."""
Frankfurt-82,Tierarztpraxis Dr. Kindler AniCura Wiesbaden Schierstein GmbH,Wiesbaden,Unknown,"Saarbrücker Allee 7, 65201 Wiesbaden",50.0459109,8.2048268,0611 1885815,https://www.google.com/maps/place/Tierarztpraxis+Dr.+Kindler+AniCura+Wiesbaden+Schierstein+GmbH/data=!4m7!3m6!1s0x47bd95edb7da87f3:0x3c68002a0ade2fb6!8m2!3d50.0459109!4d8.2048268!16s%2Fg%2F1tdj3b78!19sChIJ84fat-2VvUcRti_eCioAaDw?authuser=0&hl=en&rclk=1,Verified,2025-12-25,"Confirmed via Google Review: ""as well :)""; Confirmed via Google Review: ""English as well :)"""
Frankfurt-83,"Dr. Müller, Dr. Rohmer und Dr. Falkenhorst Tierarztpraxis",Frankfurt,Unknown,60437 Frankfurt am Main,50.1109221,8.6821267,06562 930081,"https://www.google.com/maps/place/Dr.+M%C3%BCller,+Dr.+Rohmer+und+Dr.+Falkenhorst+Tierarztpraxis/data=!4m7!3m6!1s0x47bfda725b060539:0x5a2797baf917e651!8m2!3d49.9365334!4d6.6399455!16s%2Fg%2F1w6_mzgk!19sChIJOQUGW3Lav0cRUeYX-bqXJ1o?authuser=0&hl=en&rclk=1",Verified,2025-12-25,"Confirmed via Google Review: ""in the area.""; Confirmed via Google Review: ""English speaking vet in the area."""
Frankfurt-84,Armin Drexler,Frankfurt,Unknown,"Eschersheimer Landstraße 18, 60322 Frankfurt am Main",50.1109221,8.6821267,06542 962999,https://www.google.com/maps/place/Armin+Drexler/data=!4m7!3m6!1s0x417340724cf1cc6d:0x835d22742f77ef3!8m2!3d50.0104489!4d7.1883962!16s%2Fg%2F1tgn_y8y!19sChIJbczxTHJAc0ER8373QifSNQg?authuser=0&hl=en&rclk=1,Verified,2025-12-25,"Confirmed via Google Review: ""English well."""
Frankfurt-86,Kleintierpraxis Maifeld Kathrin Bau,Frankfurt,Unknown,"August-Horch-Straße 19, 56751 Polch",50.3055921,7.3255195,02654 8827188,https://www.google.com/maps/place/Kleintierpraxis+Maifeld+Kathrin+Bau/data=!4m7!3m6!1s0x47be5d16781dc7a3:0x545e312e0646a5ba!8m2!3d50.3055921!4d7.3255195!16s%2Fg%2F11crzjh8j1!19sChIJo8cdeBZdvkcRuqVGBi4xXlQ?authuser=0&hl=en&rclk=1,Verified,2025-12-25,"Confirmed via Google Review: ""English speaking vet"""
Frankfurt-87,Tierarztpraxis Susann Gaudlitz - Bad Vilbel,Frankfurt,Unknown,"Wilhelmstraße 22, 61118 Bad Vilbel",50.186915,8.740145499999999,06101 47619,https://www.google.com/maps/place/Tierarztpraxis+Susann+Gaudlitz+-+Bad+Vilbel/data=!4m7!3m6!1s0x47bd0580e4a30683:0x922d48dd7ba516e6!8m2!3d50.186915!4d8.7401454!16s%2Fg%2F1tf1myqh!19sChIJgwaj5IAFvUcR5hale91ILZI?authuser=0&hl=en&rclk=1,Verified,2025-12-25,"Confirmed via Google Review: ""English"""
Frankfurt-89,Veterinary practice Galina Schirow GmbH,Berlin,Moabit,"Alt-Moabit 73, 10555 Berlin",52.5190267,13.3427188,030 39886966,https://www.google.com/maps/place/Veterinary+practice+Galina+Schirow+GmbH/data=!4m7!3m6!1s0x47a851081855956d:0x502d097849852630!8m2!3d52.5190267!4d13.3427188!16s%2Fg%2F1q4knllr2!19sChIJbZVVGAhRqEcRMCaFSXgJLVA?authuser=0&hl=en&rclk=1,Verified,2025-12-25,Verified English Support
Frankfurt-91,AniCura Tierklinik Frankfurt,Frankfurt,Bockenheim,"Juliusstraße 12, 60487 Frankfurt am Main",50.123563,8.644867999999999,069 97074955,https://www.google.com/maps/place/AniCura+Tierklinik+Frankfurt/data=!4m7!3m6!1s0x47bd0969e22c5aaf:0x59534e74bb4d7eca!8m2!3d50.123563!4d8.644868!16s%2Fg%2F1vjdp58h!19sChIJr1os4mkJvUcRyn5Nu3ROU1k?authuser=0&hl=en&rclk=1,Verified,2025-12-25,"Confirmed via Google Review: ""and treat my dog very well so far.""; Confirmed via Google Review: ""speak english and treat my dog very well so far."""
Frankfurt-92,Katzenklinik Frankfurt,Frankfurt,Bockenheim,"Juliusstraße 12, 60487 Frankfurt am Main",50.1233763,8.6451181,069 97098765,https://www.google.com/maps/place/Katzenklinik+Frankfurt/data=!4m7!3m6!1s0x417313a4450df65d:0x5a18022108987cb8!8m2!3d50.1233763!4d8.6451181!16s%2Fg%2F1th1bvbb!19sChIJXfYNRaQTc0ERuHyYCCECGFo?authuser=0&hl=en&rclk=1,Verified,2025-12-25,"Confirmed via Google Review: ""and they were all nice.""; Confirmed via Google Review: ""English and they were all nice."""
Frankfurt-93,Dr. Gabriele Schoenert-Wißfeld,Frankfurt,Nordend,"Schlosserstraße 21, 60322 Frankfurt am Main",50.13127,8.6817896,069 553366,https://www.google.com/maps/place/Dr.+Gabriele+Schoenert-Wi%C3%9Ffeld/data=!4m7!3m6!1s0x47bd0ec9443198e9:0x3181802f48b397cc!8m2!3d50.13127!4d8.6817896!16s%2Fg%2F1tlnck70!19sChIJ6ZgxRMkOvUcRzJezSC-AgTE?authuser=0&hl=en&rclk=1,Verified,2025-12-25,"Confirmed via Google Review: ""and not only.""; Confirmed via Google Review: ""English and not only."""
Frankfurt-94,Tierärztliche Klinik Für Kleintiere,Frankfurt,Bockenheim,"Juliusstraße 12, 60487 Frankfurt am Main",50.1235577,8.6448334,069 97074955,https://www.google.com/maps/place/Tier%C3%A4rztliche+Klinik+F%C3%BCr+Kleintiere/data=!4m7!3m6!1s0x47bd0969e186aaab:0xdaf34a78c4f3d0ec!8m2!3d50.1235577!4d8.6448334!16s%2Fg%2F11h5505rfz!19sChIJq6qG4WkJvUcR7NDzxHhK89o?authuser=0&hl=en&rclk=1,Verified,2025-12-25,"Confirmed via Google Review: ""speak English"""
Frankfurt-95,Deutsche Gesellschaft für Mauersegler e. V.,Frankfurt,Fechenheim,"Buchenstraße 9, 65933 Frankfurt am Main",50.0957969,8.6060175,069 35351504,https://www.google.com/maps/place/Deutsche+Gesellschaft+f%C3%BCr+Mauersegler+e.+V./data=!4m7!3m6!1s0x47bd0a347b3e7cc5:0x5533513386014cf1!8m2!3d50.0957969!4d8.6060175!16s%2Fg%2F113dqjv90!19sChIJxXw-ezQKvUcR8UwBhjNRM1U?authuser=0&hl=en&rclk=1,Verified,2025-12-25,"Confirmed via Google Review: ""which really helped.""; Confirmed via Google Review: ""English which really helped."""
Frankfurt-96,Kleintierpraxis Sachsenhausen,Frankfurt,Sachsenhausen,"Waidmannstraße 2, 60596 Frankfurt am Main",50.09535409999999,8.6702789,069 69866933,https://www.google.com/maps/place/Kleintierpraxis+Sachsenhausen/data=!4m7!3m6!1s0x417314846fee36c7:0x164af41d129b875a!8m2!3d50.0953541!4d8.6702789!16s%2Fg%2F1v2gcw9q!19sChIJxzbub4QUc0ERWoebEh30ShY?authuser=0&hl=en&rclk=1,Verified,2025-12-25,"Confirmed via Google Review: ""English , would recommend!!"""
Frankfurt-97,Kleintierpraxis Dr. Blendinger,Hofheim,Unknown,"Robert-Bosch-Straße 12, 65719 Hofheim am Taunus",50.0646627,8.3877711,06122 5358680,https://www.google.com/maps/place/Kleintierpraxis+Dr.+Blendinger/data=!4m7!3m6!1s0x47bda28abf890c45:0x6774e8bc88907b4b!8m2!3d50.0646627!4d8.3877711!16s%2Fg%2F1hc30npb_!19sChIJRQyJv4qivUcRS3uQiLzodGc?authuser=0&hl=en&rclk=1,Verified,2025-12-25,Verified English Support
Frankfurt-98,Dr.med.vet. Kirsten König Tierärztin,Frankfurt,Unknown,"Riedstraße 60, 65439 Flörsheim am Main",50.0188307,8.4366653,06145 52910,https://www.google.com/maps/place/Dr.med.vet.+Kirsten+K%C3%B6nig+Tier%C3%A4rztin/data=!4m7!3m6!1s0x47bd9f365dba930d:0xee970111de3e2dee!8m2!3d50.0188307!4d8.4366653!16s%2Fg%2F1tdy85k0!19sChIJDZO6XTafvUcR7i0-3hEBl-4?authuser=0&hl=en&rclk=1,Verified,2025-12-25,"Confirmed via Google Review: ""and appointments are always fast and easy."""
Hamburg-102,Cats Only veterinary practice for Cats,Hamburg,Eppendorf,"Eppendorfer Weg 50, 20259 Hamburg",53.5715083,9.9588278,040 49222468,http://www.catsonly-hamburg.de/,Verified,2025-12-25,"Confirmed via Google Review: ""was super kind and spoke"""
Hamburg-103,Dr. Nicolai Mannstaedt veterinarian,Hamburg,Neugraben,"Neugrabener Bahnhofstraße 5A, 21149 Hamburg",53.4731841,9.854593099999999,040 7017291,https://www.kleintierpraxis-neugraben.de/,Verified,2025-12-25,"Confirmed via Google Review: ""English and German-"""
Frankfurt-127,Flynn Family Medicine,Frankfurt,Unknown,"Schulstraße 2, 60594 Frankfurt am Main",50.1054571,8.6873342,06371 9527070,http://www.flynnsmedical.com/,Verified,2025-12-25,"Confirmed via Google Review: ""English speaking doctors and caters to Americans."""
Frankfurt-129,Tierhotel Rhein-Main,Frankfurt,Unknown,"Teichstraße, 60594 Frankfurt am Main-Frankfurt-Süd",50.1030275,8.694155,0177 2787657,http://www.tierhotel-rhein-main.de/,Verified,2025-12-25,"Confirmed via Google Review: ""speaking English"""
Munich-130,Clinic of Small Animal Surgery and Reproduction,Munich,Unknown,"Veterinärstraße 13, 80539 München",48.15208029999999,11.5870728,089 21802650,http://www.chir.vetmed.uni-muenchen.de/,Verified,2025-12-25,"Confirmed via Google Review: ""English to accommodate my limited German."""
Munich-131,Tierarztpraxis Dr. Cornelia Maul and Dr. Sabine Herget,Munich,Unknown,"Schwarzstraße 3, 81669 München",48.1292349,11.5861193,089 99952010,https://www.tierarzt-muenchen.de/,Verified,2025-12-25,Verified English Support
Munich-132,Tierklinik Oberhaching,Munich,Unknown,"Bajuwarenring 10, 82041 Oberhaching",48.0320052,11.5825403,089 63893020,http://www.tierklinik-oberhaching.de/,Verified,2025-12-25,"Confirmed via Google Review: ""speak English was a nice bonus."""
Munich-133,Felmo Mobiler Tierarzt München,Munich,Unknown,"Am Moosfeld 13, 81829 München",48.134753,11.658236,https://www.google.com/maps/place/felmo+Mobiler+Tierarzt+M%C3%BCnchen/data=!4m7!3m6!1s0x479e0ba12bc5db59:0x59666aa80228880f!8m2!3d48.134753!4d11.658236!16s%2Fg%2F11qnbrsvqd!19sChIJWdvFK6ELnkcRD4goAqhqZlk?authuser=0&hl=en&rclk=1,https://felmo.de/tierarzt/muenchen?utm_medium=referral&utm_source=google_my_business&utm_term=muenchen,Verified,2025-12-25,Verified English Support
Munich-134,AniCura Tierklinik Haar,Munich,Unknown,"Keferloher Str. 25, 85540 Haar",48.11226809999999,11.71571,089 46148510,https://www.anicura.de/tierklinik-haar/,Verified,2025-12-25,Verified English Support
Munich-135,Tierarztpraxis München Laim Dr. med. vet. Ursula Link,Munich,Unknown,"Agnes-Bernauer-Straße 178, 80687 München",48.1417635,11.4852651,089 58929090,http://www.tierarzt-laim.de/,Verified,2025-12-25,Verified English Support
Stuttgart-137,Kleintierpraxis Dr. Ernst,Stuttgart,Unknown,"Birkenwaldstraße 214, 70191 Stuttgart",48.7984113,9.175696799999999,https://www.google.com/maps/place/Kleintierpraxis+Dr.+Ernst/data=!4m7!3m6!1s0x4799dad816650777:0x5eaf75115e7ef513!8m2!3d48.7984113!4d9.1756968!16s%2Fg%2F1v_s4w1t!19sChIJdwdlFtjamUcRE_V-XhF1r14?authuser=0&hl=en&rclk=1,http://www.kleintierpraxis-ernst.de/,Verified,2025-12-25,"Confirmed via Google Review: ""english skill"""
Stuttgart-138,Felmo Mobiler Tierarzt Stuttgart,Stuttgart,Unknown,"Agnesstraße 17, 70597 Stuttgart",48.7520867,9.1751811,https://www.google.com/maps/place/felmo+Mobiler+Tierarzt+Stuttgart/data=!4m7!3m6!1s0x4799db0d1df75241:0xe4615968680cec2b!8m2!3d48.7520867!4d9.1751811!16s%2Fg%2F11r3s60j5q!19sChIJQVL3HQ3bmUcRK-wMaGhZYeQ?authuser=0&hl=en&rclk=1,https://felmo.de/tierarzt/stuttgart/?utm_medium=referral&utm_source=google_my_business&utm_term=stuttgart,Verified,2025-12-25,"Confirmed via Google Review: ""Speaks English"""
Stuttgart-139,Kleintierpraxis am Haigst GmbH,Stuttgart,Unknown,"Alte Weinsteige 100, 70597 Stuttgart",48.7549151,9.1719186,0711 762494,https://kleintierpraxisamhaigst.de/,Verified,2025-12-25,"Confirmed via Google Review: ""speak English and take great care of our dog!"""
Stuttgart-140,"Dr. med. vet. Erika Christiansen, Ingrid Kucher, Lehel Kooš GbR",Stuttgart,Unknown,"Südliche Alleenstraße 6, 71679 Asperg",48.9042302,9.1471244,07141 2993299,https://tierarztpraxis-asperg.de/,Verified,2025-12-25,Verified English Support
Stuttgart-141,"Kleintierpraxis am Wasserturm, JCS Tierarzt Rutesheim GmbH",Stuttgart,Unknown,"Drescherstraße 53, 71277 Rutesheim",48.8103808,8.927621,"https://www.google.com/maps/place/Kleintierpraxis+am+Wasserturm,+JCS+Tierarzt+Rutesheim+GmbH/data=!4m7!3m6!1s0x479763840e2a26c9:0xf95fa42b0dd769d1!8m2!3d48.8103808!4d8.927621!16s%2Fg%2F11wx1j1ktj!19sChIJySYqDoRjl0cR0WnXDSukX_k?authuser=0&hl=en&rclk=1",https://tierarzt-rutesheim.de/,Verified,2025-12-25,"Confirmed via Google Review: ""...was very helpful and informative and speaks outstanding English."""
Stuttgart-142,Kleintierpraxis Dr. Späth,Stuttgart,Unknown,"Rembrandtstraße 15, 70567 Stuttgart",48.7282653,9.1499572,0711 712434,https://www.kleintierpraxis-moehringen.de/,Verified,2025-12-25,"Confirmed via Google Review: ""Speaks English"""
Hamburg-81,Dr. Martin Bucksch (Tierärzte am Grandweg),Hamburg,Lokstedt,"Grandweg 68, 22529 Hamburg",53.5925323,9.9605474,,https://www.tieraerztegmbh-hamburg.de/,Verified,2025-12-24,Verified English Support; Jameda Verified
Berlin-110,filu Tierarzt Berlin Charlottenburg,Berlin,Charlottenburg,"Olivaer Platz 15, 10707 Berlin",52.499682,13.3162955,,https://filu.vet/berlin/charlottenburg,Verified,2025-12-26,Verified English Support