URL,Last crawled
https://englishspeakinggermany.online/about,1970-01-01
https://englishspeakinggermany.online/blog,1970-01-01
https://englishspeakinggermany.online/blog/cat-registration-germany-2025,1970-01-01
https://englishspeakinggermany.online/blog/eu-pet-passport-germany-2025,1970-01-01
https://englishspeakinggermany.online/blog/german-dog-etiquette-rules,1970-01-01
https://englishspeakinggermany.online/blog/german-vet-survival-kit-phrases,1970-01-01
https://englishspeakinggermany.online/blog/hundesteuer-dog-tax-germany-2025,1970-01-01
https://englishspeakinggermany.online/blog/moving-to-germany-with-pet-2025,1970-01-01
https://englishspeakinggermany.online/blog/pet-insurance-germany-2025,1970-01-01
https://englishspeakinggermany.online/blog/pet-medication-germany-guide,1970-01-01
https://englishspeakinggermany.online/blog/pet-sitting-germany-2025,1970-01-01
https://englishspeakinggermany.online/blog/public-transport-with-dogs-berlin-2025,1970-01-01
https://englishspeakinggermany.online/blog/public-transport-with-dogs-frankfurt-2025,1970-01-01
https://englishspeakinggermany.online/blog/public-transport-with-dogs-hamburg-2025,1970-01-01
https://englishspeakinggermany.online/blog/public-transport-with-dogs-munich-2025,1970-01-01
https://englishspeakinggermany.online/blog/public-transport-with-dogs-stuttgart-2025,1970-01-01
https://englishspeakinggermany.online/contact,1970-01-01
https://englishspeakinggermany.online/guides/emergency-vets-berlin,1970-01-01
https://englishspeakinggermany.online/guides/pet-emergency-germany,1970-01-01
https://englishspeakinggermany.online/impressum,1970-01-01
https://englishspeakinggermany.online/privacy,1970-01-01
https://englishspeakinggermany.online/quality-promise,1970-01-01
https://englishspeakinggermany.online/vets/überlingen,1970-01-01
https://englishspeakinggermany.online/vets/überlingen/nussdorf-überlingen,1970-01-01
https://englishspeakinggermany.online/vets/ahlen,1970-01-01
https://englishspeakinggermany.online/vets/ahlen/westphalia,1970-01-01
https://englishspeakinggermany.online/vets/augsburg,1970-01-01
https://englishspeakinggermany.online/vets/augsburg/oberhausen,1970-01-01
https://englishspeakinggermany.online/vets/bad-homburg,1970-01-01
https://englishspeakinggermany.online/vets/berlin,1970-01-01
https://englishspeakinggermany.online/vets/berlin/bernau,1970-01-01
https://englishspeakinggermany.online/vets/berlin/biesdorf,1970-01-01
https://englishspeakinggermany.online/vets/berlin/charlottenburg,1970-01-01
https://englishspeakinggermany.online/vets/berlin/düppel/zehlendorf,1970-01-01
https://englishspeakinggermany.online/vets/berlin/friedenau,1970-01-01
https://englishspeakinggermany.online/vets/berlin/friedrichshagen,1970-01-01
https://englishspeakinggermany.online/vets/berlin/friedrichshain-/-others,1970-01-01
https://englishspeakinggermany.online/vets/berlin/grunewald,1970-01-01
https://englishspeakinggermany.online/vets/berlin/hansaviertel,1970-01-01
https://englishspeakinggermany.online/vets/berlin/kreuzberg,1970-01-01
https://englishspeakinggermany.online/vets/berlin/lichtenberg,1970-01-01
https://englishspeakinggermany.online/vets/berlin/lichterfelde,1970-01-01
https://englishspeakinggermany.online/vets/berlin/mitte,1970-01-01
https://englishspeakinggermany.online/vets/berlin/neukölln,1970-01-01
https://englishspeakinggermany.online/vets/berlin/pankow,1970-01-01
https://englishspeakinggermany.online/vets/berlin/prenzlauer-berg,1970-01-01
https://englishspeakinggermany.online/vets/berlin/reinickendorf,1970-01-01
https://englishspeakinggermany.online/vets/berlin/schöneberg,1970-01-01
https://englishspeakinggermany.online/vets/berlin/steglitz,1970-01-01
https://englishspeakinggermany.online/vets/berlin/tegel,1970-01-01
https://englishspeakinggermany.online/vets/berlin/tempelhof,1970-01-01
https://englishspeakinggermany.online/vets/berlin/treptow-köpenick,1970-01-01
https://englishspeakinggermany.online/vets/berlin/weißensee,1970-01-01
https://englishspeakinggermany.online/vets/berlin/westend,1970-01-01
https://englishspeakinggermany.online/vets/berlin/wilmersdorf,1970-01-01
https://englishspeakinggermany.online/vets/berlin/zehlendorf,1970-01-01
https://englishspeakinggermany.online/vets/bielefeld/sennestadt,1970-01-01
https://englishspeakinggermany.online/vets/bremen,1970-01-01
https://englishspeakinggermany.online/vets/bremen/horn-lehe,1970-01-01
https://englishspeakinggermany.online/vets/cologne,1970-01-01
https://englishspeakinggermany.online/vets/cologne/braunsfeld,1970-01-01
https://englishspeakinggermany.online/vets/cologne/innenstadt,1970-01-01
https://englishspeakinggermany.online/vets/cologne/lindenthal,1970-01-01
https://englishspeakinggermany.online/vets/cologne/poll,1970-01-01
https://englishspeakinggermany.online/vets/cologne/sülz,1970-01-01
https://englishspeakinggermany.online/vets/düsseldorf,1970-01-01
https://englishspeakinggermany.online/vets/düsseldorf/mörsenbroich,1970-01-01
https://englishspeakinggermany.online/vets/dresden,1970-01-01
https://englishspeakinggermany.online/vets/dresden/friedrichstadt,1970-01-01
https://englishspeakinggermany.online/vets/dresden/heidenau-greater-dresden-area,1970-01-01
https://englishspeakinggermany.online/vets/dresden/innere-neustadt,1970-01-01
https://englishspeakinggermany.online/vets/dresden/löbtau,1970-01-01
https://englishspeakinggermany.online/vets/dresden/leipziger-vorstadt,1970-01-01
https://englishspeakinggermany.online/vets/dresden/radeberger-vorstadt,1970-01-01
https://englishspeakinggermany.online/vets/dresden/striesen,1970-01-01
https://englishspeakinggermany.online/vets/duisburg,1970-01-01
https://englishspeakinggermany.online/vets/duisburg/duissern,1970-01-01
https://englishspeakinggermany.online/vets/essen,1970-01-01
https://englishspeakinggermany.online/vets/essen/stadtwald,1970-01-01
https://englishspeakinggermany.online/vets/frankfurt,1970-01-01
"https://englishspeakinggermany.online/vets/frankfurt/am-nordpark-10,-60437-frankfurt-am-main",1970-01-01
https://englishspeakinggermany.online/vets/frankfurt/bergen-enkheim,1970-01-01
https://englishspeakinggermany.online/vets/frankfurt/bockenheim,1970-01-01
https://englishspeakinggermany.online/vets/frankfurt/dr.-jan-kullen-/-dr.-elena-panova,1970-01-01
https://englishspeakinggermany.online/vets/frankfurt/dr.-katrin-witt,1970-01-01
https://englishspeakinggermany.online/vets/frankfurt/eckenheim,1970-01-01
https://englishspeakinggermany.online/vets/frankfurt/fechenheim,1970-01-01
https://englishspeakinggermany.online/vets/frankfurt/gallus/city-west,1970-01-01
https://englishspeakinggermany.online/vets/frankfurt/ginnheim,1970-01-01
https://englishspeakinggermany.online/vets/frankfurt/kalbach-riedberg,1970-01-01
https://englishspeakinggermany.online/vets/frankfurt/nordend,1970-01-01
https://englishspeakinggermany.online/vets/frankfurt/obertshausen,1970-01-01
https://englishspeakinggermany.online/vets/frankfurt/ostend,1970-01-01
https://englishspeakinggermany.online/vets/frankfurt/sachsenhausen,1970-01-01
https://englishspeakinggermany.online/vets/frankfurt/sossenheim,1970-01-01
https://englishspeakinggermany.online/vets/gießen,1970-01-01
https://englishspeakinggermany.online/vets/hamburg,1970-01-01
https://englishspeakinggermany.online/vets/hamburg/alsterdorf,1970-01-01
https://englishspeakinggermany.online/vets/hamburg/bahrenfeld,1970-01-01
https://englishspeakinggermany.online/vets/hamburg/bahrenfeld/altona,1970-01-01
https://englishspeakinggermany.online/vets/hamburg/barmbek-nord,1970-01-01
https://englishspeakinggermany.online/vets/hamburg/billstedt,1970-01-01
https://englishspeakinggermany.online/vets/hamburg/bramfeld,1970-01-01
https://englishspeakinggermany.online/vets/hamburg/eidelstedt,1970-01-01
https://englishspeakinggermany.online/vets/hamburg/eimsbüttel,1970-01-01
https://englishspeakinggermany.online/vets/hamburg/eppendorf,1970-01-01
https://englishspeakinggermany.online/vets/hamburg/fuhlsbüttel,1970-01-01
https://englishspeakinggermany.online/vets/hamburg/hafencity,1970-01-01
https://englishspeakinggermany.online/vets/hamburg/harvestehude,1970-01-01
https://englishspeakinggermany.online/vets/hamburg/hohenfelde,1970-01-01
https://englishspeakinggermany.online/vets/hamburg/hummelsbüttel,1970-01-01
https://englishspeakinggermany.online/vets/hamburg/jenfeld,1970-01-01
https://englishspeakinggermany.online/vets/hamburg/lohbrügge,1970-01-01
https://englishspeakinggermany.online/vets/hamburg/lokstedt,1970-01-01
https://englishspeakinggermany.online/vets/hamburg/neugraben,1970-01-01
https://englishspeakinggermany.online/vets/hamburg/niendorf,1970-01-01
https://englishspeakinggermany.online/vets/hamburg/rahlstedt,1970-01-01
https://englishspeakinggermany.online/vets/hamburg/sülldorf,1970-01-01
https://englishspeakinggermany.online/vets/hamburg/sasel,1970-01-01
https://englishspeakinggermany.online/vets/hamburg/schnelsen,1970-01-01
https://englishspeakinggermany.online/vets/hamburg/st.-pauli,1970-01-01
https://englishspeakinggermany.online/vets/hamburg/stellingen,1970-01-01
https://englishspeakinggermany.online/vets/hamburg/winterhude,1970-01-01
https://englishspeakinggermany.online/vets/hamburg/winterhude-ottensen,1970-01-01
https://englishspeakinggermany.online/vets/hannover,1970-01-01
https://englishspeakinggermany.online/vets/hannover/bunteweg,1970-01-01
https://englishspeakinggermany.online/vets/hannover/wülfel,1970-01-01
https://englishspeakinggermany.online/vets/hannover/waldheim,1970-01-01
https://englishspeakinggermany.online/vets/heidelberg,1970-01-01
https://englishspeakinggermany.online/vets/heidelberg/wieblingen,1970-01-01
https://englishspeakinggermany.online/vets/hofheim,1970-01-01
https://englishspeakinggermany.online/vets/hofheim-am-taunus,1970-01-01
https://englishspeakinggermany.online/vets/hofheim-am-taunus/rhein-main-region,1970-01-01
https://englishspeakinggermany.online/vets/hofheim/specialist-center,1970-01-01
https://englishspeakinggermany.online/vets/ismaning,1970-01-01
https://englishspeakinggermany.online/vets/ismaning/munich-area,1970-01-01
https://englishspeakinggermany.online/vets/königstein,1970-01-01
https://englishspeakinggermany.online/vets/kelkheim,1970-01-01
https://englishspeakinggermany.online/vets/kelkheim/taunus,1970-01-01
https://englishspeakinggermany.online/vets/lüneburg,1970-01-01
https://englishspeakinggermany.online/vets/langenhagen,1970-01-01
https://englishspeakinggermany.online/vets/langenhagen/kaltenweide,1970-01-01
https://englishspeakinggermany.online/vets/leinburg,1970-01-01
https://englishspeakinggermany.online/vets/leipzig,1970-01-01
https://englishspeakinggermany.online/vets/leipzig/gohlis,1970-01-01
https://englishspeakinggermany.online/vets/leipzig/plagwitz,1970-01-01
https://englishspeakinggermany.online/vets/leipzig/südvorstadt,1970-01-01
https://englishspeakinggermany.online/vets/leipzig/taucha-greater-leipzig-area,1970-01-01
https://englishspeakinggermany.online/vets/leipzig/wahren,1970-01-01
https://englishspeakinggermany.online/vets/leipzig/zentrum-nord,1970-01-01
https://englishspeakinggermany.online/vets/leipzig/zentrum-west,1970-01-01
https://englishspeakinggermany.online/vets/mainz,1970-01-01
https://englishspeakinggermany.online/vets/mainz/gonsenheim,1970-01-01
https://englishspeakinggermany.online/vets/mainz/hechtsheim,1970-01-01
https://englishspeakinggermany.online/vets/mainz/neustadt,1970-01-01
https://englishspeakinggermany.online/vets/munich,1970-01-01
https://englishspeakinggermany.online/vets/munich/bogenhausen,1970-01-01
https://englishspeakinggermany.online/vets/munich/haidhausen,1970-01-01
https://englishspeakinggermany.online/vets/munich/ludwigsvorstadt,1970-01-01
https://englishspeakinggermany.online/vets/munich/neuhausen-nymphenburg,1970-01-01
https://englishspeakinggermany.online/vets/munich/pasing,1970-01-01
https://englishspeakinggermany.online/vets/munich/riem,1970-01-01
https://englishspeakinggermany.online/vets/munich/schwabing,1970-01-01
https://englishspeakinggermany.online/vets/munich/schwabing-freimann,1970-01-01
https://englishspeakinggermany.online/vets/munich/schwanthalerhöhe,1970-01-01
https://englishspeakinggermany.online/vets/munich/sendling-westpark,1970-01-01
https://englishspeakinggermany.online/vets/neustadt-near-hamburg,1970-01-01
https://englishspeakinggermany.online/vets/neustadt-near-hamburg/neustadt,1970-01-01
https://englishspeakinggermany.online/vets/nuremberg,1970-01-01
https://englishspeakinggermany.online/vets/nuremberg/erlenstegen,1970-01-01
https://englishspeakinggermany.online/vets/nuremberg/hafen,1970-01-01
https://englishspeakinggermany.online/vets/nuremberg/langwasser,1970-01-01
https://englishspeakinggermany.online/vets/nuremberg/maiach,1970-01-01
https://englishspeakinggermany.online/vets/nuremberg/maxfeld,1970-01-01
https://englishspeakinggermany.online/vets/nuremberg/nordbahnhof,1970-01-01
https://englishspeakinggermany.online/vets/nuremberg/nordstadt,1970-01-01
https://englishspeakinggermany.online/vets/nuremberg/schweinau,1970-01-01
https://englishspeakinggermany.online/vets/nuremberg/steinbühl,1970-01-01
https://englishspeakinggermany.online/vets/oberursel,1970-01-01
https://englishspeakinggermany.online/vets/oberursel/taunus,1970-01-01
https://englishspeakinggermany.online/vets/potsdam,1970-01-01
https://englishspeakinggermany.online/vets/potsdam/fahrland,1970-01-01
https://englishspeakinggermany.online/vets/regensburg,1970-01-01
https://englishspeakinggermany.online/vets/regensburg/haslbach,1970-01-01
https://englishspeakinggermany.online/vets/rostock,1970-01-01
https://englishspeakinggermany.online/vets/rostock/thierfelderstraße,1970-01-01
https://englishspeakinggermany.online/vets/stuttgart,1970-01-01
https://englishspeakinggermany.online/vets/stuttgart/esslingen-am-neckar-greater-stuttgart-area,1970-01-01
https://englishspeakinggermany.online/vets/stuttgart/ludwigsburg-greater-stuttgart-area,1970-01-01
https://englishspeakinggermany.online/vets/stuttgart/möhringen,1970-01-01
https://englishspeakinggermany.online/vets/stuttgart/plieningen,1970-01-01
https://englishspeakinggermany.online/vets/stuttgart/reutlingen,1970-01-01
https://englishspeakinggermany.online/vets/stuttgart/süd,1970-01-01
https://englishspeakinggermany.online/vets/stuttgart/stuttgart-mitte,1970-01-01
https://englishspeakinggermany.online/vets/stuttgart/stuttgart-west,1970-01-01
https://englishspeakinggermany.online/vets/stuttgart/west,1970-01-01
https://englishspeakinggermany.online/vets/wiesbaden,1970-01-01
https://englishspeakinggermany.online/vets/wiesloch,1970-01-01
https://englishspeakinggermany.online/vets/wiesloch/near-heidelberg/karlsruhe,1970-01-01